Workbook

Sheet 🔐 MD5
B1: 🔐 MD5 Hash Calculator — Pure Formulas, No VBA
B2: Requires Excel 2013+ · Uses only INT, MOD, MID, CODE — no BITOR/BITAND macros
B4: ✏️ TYPE YOUR WORD HERE (1–7 ASCII characters):
B5: hello
B7: 🔑 MD5 RESULT:
B8: ='⚙️ Compute'!E2 -> 5d41402abc4b2a76b9719d911017c592
B10: 📌 Sheets: 📖 How MD5 Works | 🔤 ASCII Encoding | 📦 MD5 Constants | ⚙️ Compute
B12: ✅ Verified: "hello" → 5d41402abc4b2a76b9719d911017c592 | "abc" → 900150983cd24fb0d6963f7d28e17f72 | "test" → 098f6bcd4621d373cade4e832627b4f6
B13: ⚠️ Max input: 7 characters · ASCII only · Requires Excel 2013+ (for INT/MOD/MID — no BITOR/BITAND needed)

Sheet 📖 How MD5 Works
B1: 📖 How MD5 Works — Algorithm Explanation
B2: Step 1 · Input
B3: Convert each character to its ASCII byte code. 'hello' → [104, 101, 108, 108, 111] = 5 bytes.
B4: Step 2 · Padding
B5: Append byte 0x80 after the message, then zero bytes until total length ≡ 56 (mod 64). For ≤7-byte input: byte[len]=128, bytes[len+1..55]=0.
B6: Step 3 · Length
B7: Append the original bit-length as a 64-bit little-endian integer in bytes 56–63. 'hello'=5 bytes=40 bits → bytes 56-59=[40,0,0,0], 60-63=[0,0,0,0]. Now total=512 bits=16 words M[0..15].
B8: Step 4 · Init state
B9: Four 32-bit magic constants: A₀=0x67452301 B₀=0xEFCDAB89 C₀=0x98BADCFE D₀=0x10325476
B10: Step 5 · 64 ops
B11: Four rounds × 16 ops. Each op: new_B = B + ROL32( A + F(B,C,D) + M[g] + K[i], r[i] ) new_A = D, new_C = B, new_D = C
B12: Round functions
... B21: Since Excel has no 32-bit integer type, we implement: · AND32(a,b): byte-decomposition into 4×8-bit BITANDs using INT/MOD arithmetic · OR32(a,b) = a+b−AND32(a,b) | XOR32(a,b) = a+b−2×AND32(a,b) · NOT32(a) = 4294967295−a · ROL32(x,n) = MOD( MOD(x,2^(32−n))×2^n + INT(x/2^(32−n)), 2³² ) · ADD32(a,b) = MOD(a+b, 2³²) Each of the 64 steps is one row on the ⚙️ Compute sheet.

Sheet 🔤 ASCII Encoding
B1: 🔤 Input → ASCII → Binary bits
B2: Pos | C2: Char | D2: ASCII | E2: Hex | F2: b7 | G2: b6 | H2: b5 | I2: b4 | J2: b3 | K2: b2 | L2: b1 | M2: b0
B3: 1 | C3: =IF(LEN('🔐 MD5'!B5)>=1,MID('🔐 MD5'!B5,1,1),"-") -> h | D3: =IF(C3<>"-",CODE(C3),"") -> 104 | E3: =IF(D3<>"",MID("0123456789abcdef",MOD(INT(D3/16),16)+1,1)&MID("0123456789abcdef",MOD(MOD(D3,16),16)+1,1),"") -> 68 | F3: =IF(D3<>"",MOD(INT(D3/2^7),2),"") -> 0 | G3: =IF(D3<>"",MOD(INT(D3/2^6),2),"") -> 1 | H3: =IF(D3<>"",MOD(INT(D3/2^5),2),"") -> 1 | I3: =IF(D3<>"",MOD(INT(D3/2^4),2),"") -> 0 | J3: =IF(D3<>"",MOD(INT(D3/2^3),2),"") -> 1 | K3: =IF(D3<>"",MOD(INT(D3/2^2),2),"") -> 0 | L3: =IF(D3<>"",MOD(INT(D3/2^1),2),"") -> 0 | M3: =IF(D3<>"",MOD(INT(D3/2^0),2),"") -> 0
B4: 2 | C4: =IF(LEN('🔐 MD5'!B5)>=2,MID('🔐 MD5'!B5,2,1),"-") -> e | D4: =IF(C4<>"-",CODE(C4),"") -> 101 | E4: =IF(D4<>"",MID("0123456789abcdef",MOD(INT(D4/16),16)+1,1)&MID("0123456789abcdef",MOD(MOD(D4,16),16)+1,1),"") -> 65 | F4: =IF(D4<>"",MOD(INT(D4/2^7),2),"") -> 0 | G4: =IF(D4<>"",MOD(INT(D4/2^6),2),"") -> 1 | H4: =IF(D4<>"",MOD(INT(D4/2^5),2),"") -> 1 | I4: =IF(D4<>"",MOD(INT(D4/2^4),2),"") -> 0 | J4: =IF(D4<>"",MOD(INT(D4/2^3),2),"") -> 0 | K4: =IF(D4<>"",MOD(INT(D4/2^2),2),"") -> 1 | L4: =IF(D4<>"",MOD(INT(D4/2^1),2),"") -> 0 | M4: =IF(D4<>"",MOD(INT(D4/2^0),2),"") -> 1
B5: 3 | C5: =IF(LEN('🔐 MD5'!B5)>=3,MID('🔐 MD5'!B5,3,1),"-") -> l | D5: =IF(C5<>"-",CODE(C5),"") -> 108 | E5: =IF(D5<>"",MID("0123456789abcdef",MOD(INT(D5/16),16)+1,1)&MID("0123456789abcdef",MOD(MOD(D5,16),16)+1,1),"") -> 6c | F5: =IF(D5<>"",MOD(INT(D5/2^7),2),"") -> 0 | G5: =IF(D5<>"",MOD(INT(D5/2^6),2),"") -> 1 | H5: =IF(D5<>"",MOD(INT(D5/2^5),2),"") -> 1 | I5: =IF(D5<>"",MOD(INT(D5/2^4),2),"") -> 0 | J5: =IF(D5<>"",MOD(INT(D5/2^3),2),"") -> 1 | K5: =IF(D5<>"",MOD(INT(D5/2^2),2),"") -> 1 | L5: =IF(D5<>"",MOD(INT(D5/2^1),2),"") -> 0 | M5: =IF(D5<>"",MOD(INT(D5/2^0),2),"") -> 0
B6: 4 | C6: =IF(LEN('🔐 MD5'!B5)>=4,MID('🔐 MD5'!B5,4,1),"-") -> l | D6: =IF(C6<>"-",CODE(C6),"") -> 108 | E6: =IF(D6<>"",MID("0123456789abcdef",MOD(INT(D6/16),16)+1,1)&MID("0123456789abcdef",MOD(MOD(D6,16),16)+1,1),"") -> 6c | F6: =IF(D6<>"",MOD(INT(D6/2^7),2),"") -> 0 | G6: =IF(D6<>"",MOD(INT(D6/2^6),2),"") -> 1 | H6: =IF(D6<>"",MOD(INT(D6/2^5),2),"") -> 1 | I6: =IF(D6<>"",MOD(INT(D6/2^4),2),"") -> 0 | J6: =IF(D6<>"",MOD(INT(D6/2^3),2),"") -> 1 | K6: =IF(D6<>"",MOD(INT(D6/2^2),2),"") -> 1 | L6: =IF(D6<>"",MOD(INT(D6/2^1),2),"") -> 0 | M6: =IF(D6<>"",MOD(INT(D6/2^0),2),"") -> 0
B7: 5 | C7: =IF(LEN('🔐 MD5'!B5)>=5,MID('🔐 MD5'!B5,5,1),"-") -> o | D7: =IF(C7<>"-",CODE(C7),"") -> 111 | E7: =IF(D7<>"",MID("0123456789abcdef",MOD(INT(D7/16),16)+1,1)&MID("0123456789abcdef",MOD(MOD(D7,16),16)+1,1),"") -> 6f | F7: =IF(D7<>"",MOD(INT(D7/2^7),2),"") -> 0 | G7: =IF(D7<>"",MOD(INT(D7/2^6),2),"") -> 1 | H7: =IF(D7<>"",MOD(INT(D7/2^5),2),"") -> 1 | I7: =IF(D7<>"",MOD(INT(D7/2^4),2),"") -> 0 | J7: =IF(D7<>"",MOD(INT(D7/2^3),2),"") -> 1 | K7: =IF(D7<>"",MOD(INT(D7/2^2),2),"") -> 1 | L7: =IF(D7<>"",MOD(INT(D7/2^1),2),"") -> 1 | M7: =IF(D7<>"",MOD(INT(D7/2^0),2),"") -> 1
B8: 6 | C8: =IF(LEN('🔐 MD5'!B5)>=6,MID('🔐 MD5'!B5,6,1),"-") -> - | D8: =IF(C8<>"-",CODE(C8),"") | E8: =IF(D8<>"",MID("0123456789abcdef",MOD(INT(D8/16),16)+1,1)&MID("0123456789abcdef",MOD(MOD(D8,16),16)+1,1),"") | F8: =IF(D8<>"",MOD(INT(D8/2^7),2),"") | G8: =IF(D8<>"",MOD(INT(D8/2^6),2),"") | H8: =IF(D8<>"",MOD(INT(D8/2^5),2),"") | I8: =IF(D8<>"",MOD(INT(D8/2^4),2),"") | J8: =IF(D8<>"",MOD(INT(D8/2^3),2),"") | K8: =IF(D8<>"",MOD(INT(D8/2^2),2),"") | L8: =IF(D8<>"",MOD(INT(D8/2^1),2),"") | M8: =IF(D8<>"",MOD(INT(D8/2^0),2),"")
B9: 7 | C9: =IF(LEN('🔐 MD5'!B5)>=7,MID('🔐 MD5'!B5,7,1),"-") -> - | D9: =IF(C9<>"-",CODE(C9),"") | E9: =IF(D9<>"",MID("0123456789abcdef",MOD(INT(D9/16),16)+1,1)&MID("0123456789abcdef",MOD(MOD(D9,16),16)+1,1),"") | F9: =IF(D9<>"",MOD(INT(D9/2^7),2),"") | G9: =IF(D9<>"",MOD(INT(D9/2^6),2),"") | H9: =IF(D9<>"",MOD(INT(D9/2^5),2),"") | I9: =IF(D9<>"",MOD(INT(D9/2^4),2),"") | J9: =IF(D9<>"",MOD(INT(D9/2^3),2),"") | K9: =IF(D9<>"",MOD(INT(D9/2^2),2),"") | L9: =IF(D9<>"",MOD(INT(D9/2^1),2),"") | M9: =IF(D9<>"",MOD(INT(D9/2^0),2),"")

Sheet 📦 MD5 Constants
B1: 📦 MD5 Constants — K[i] (from sine) and r[i] (shift amounts)
B2: K[i] = floor(2³² × |sin(i+1)|) used in step: temp = A + F(B,C,D) + M[g] + K[i]
B3: i | C3: K[i] decimal | D3: K[i] hex | E3: Round | G3: i | H3: r[i] | I3: Round
B4: 0 | C4: 3614090360 | D4: 0xD76AA478 | E4: Round 1 (F) | G4: 0 | H4: 7 | I4: Round 1 (F)
B5: 1 | C5: 3905402710 | D5: 0xE8C7B756 | E5: Round 1 (F) | G5: 1 | H5: 12 | I5: Round 1 (F)
B6: 2 | C6: 606105819 | D6: 0x242070DB | E6: Round 1 (F) | G6: 2 | H6: 17 | I6: Round 1 (F)
B7: 3 | C7: 3250441966 | D7: 0xC1BDCEEE | E7: Round 1 (F) | G7: 3 | H7: 22 | I7: Round 1 (F)
B8: 4 | C8: 4118548399 | D8: 0xF57C0FAF | E8: Round 1 (F) | G8: 4 | H8: 7 | I8: Round 1 (F)
B9: 5 | C9: 1200080426 | D9: 0x4787C62A | E9: Round 1 (F) | G9: 5 | H9: 12 | I9: Round 1 (F)
B10: 6 | C10: 2821735955 | D10: 0xA8304613 | E10: Round 1 (F) | G10: 6 | H10: 17 | I10: Round 1 (F)
B11: 7 | C11: 4249261313 | D11: 0xFD469501 | E11: Round 1 (F) | G11: 7 | H11: 22 | I11: Round 1 (F)
B12: 8 | C12: 1770035416 | D12: 0x698098D8 | E12: Round 1 (F) | G12: 8 | H12: 7 | I12: Round 1 (F)
B13: 9 | C13: 2336552879 | D13: 0x8B44F7AF | E13: Round 1 (F) | G13: 9 | H13: 12 | I13: Round 1 (F)
B14: 10 | C14: 4294925233 | D14: 0xFFFF5BB1 | E14: Round 1 (F) | G14: 10 | H14: 17 | I14: Round 1 (F)
B15: 11 | C15: 2304563134 | D15: 0x895CD7BE | E15: Round 1 (F) | G15: 11 | H15: 22 | I15: Round 1 (F)
... B67: 63 | C67: 3951481745 | D67: 0xEB86D391 | E67: Round 4 (I) | G67: 63 | H67: 21 | I67: Round 4 (I)

Sheet ⚙️ Compute
B1: ⚙️ MD5 Computation — 64 Steps (pure INT/MOD arithmetic, no BITOR/BITAND)
B2: MD5 HASH: | E2: =LOWER(MID("0123456789abcdef",MOD(INT((MOD(INT(C70/256^0),256))/16),16)+1,1)&MID("0123456789abcdef",MOD(MOD((MOD(INT(C70/256^0),256)),16),16)+1,1)&MID("0123456789abcdef",MOD(INT((MOD(INT(C70/256^1),256))/16),16)+1,1)&MID("0123456789abcdef",MOD(MOD((MOD(INT(C70/256^1),256)),16),16)+1,1)&MID("0123456789abcdef",MOD(INT((MOD(INT(C70/256^2),256))/16),16)+1,1)&MID("0123456789abcdef",MOD(MOD((MOD(INT(C70/256^2),256)),16),16)+1,1)&MID("0123456789abcdef",MOD(INT((MOD(INT(C70/256^3),256))/16),16)+1,1)&MID("0123456789abcdef",MOD(MOD((MOD(INT(C70/256^3),256)),16),16)+1,1)&MID("0123456789abcdef",MOD(INT((MOD(INT(D70/256^0),256))/16),16)+1,1)&MID("0123456789abcdef",MOD(MOD((MOD(INT(D70/256^0),256)),16),16)+1,1)&MID("0123456789abcdef",MOD(INT((MOD(INT(D70/256^1),256))/16),16)+1,1)&MID("0123456789abcdef",MOD(MOD((MOD(INT(D70/256^1),256)),16),16)+1,1)&MID("0123456789abcdef",MOD(INT((MOD(INT(D70/256^2),256))/16),16)+1,1)&MID("0123456789abcdef",MOD(MOD((MOD(INT(D70/256^2),256)),16),16)+1,1)&MID("0123456789abcdef",MOD(INT((MOD(INT(D70/256^3),256))/16),16)+1,1)&MID("0123456789abcdef",MOD(MOD((MOD(INT(D70/256^3),256)),16),16)+1,1)&MID("0123456789abcdef",MOD(INT((MOD(INT(E70/256^0),256))/16),16)+1,1)&MID("0123456789abcdef",MOD(MOD((MOD(INT(E70/256^0),256)),16),16)+1,1)&MID("0123456789abcdef",MOD(INT((MOD(INT(E70/256^1),256))/16),16)+1,1)&MID("0123456789abcdef",MOD(MOD((MOD(INT(E70/256^1),256)),16),16)+1,1)&MID("0123456789abcdef",MOD(INT((MOD(INT(E70/256^2),256))/16),16)+1,1)&MID("0123456789abcdef",MOD(MOD((MOD(INT(E70/256^2),256)),16),16)+1,1)&MID("0123456789abcdef",MOD(INT((MOD(INT(E70/256^3),256))/16),16)+1,1)&MID("0123456789abcdef",MOD(MOD((MOD(INT(E70/256^3),256)),16),16)+1,1)&MID("0123456789abcdef",MOD(INT((MOD(INT(F70/256^0),256))/16),16)+1,1)&MID("0123456789abcdef",MOD(MOD((MOD(INT(F70/256^0),256)),16),16)+1,1)&MID("0123456789abcdef",MOD(INT((MOD(INT(F70/256^1),256))/16),16)+1,1)&MID("0123456789abcdef",MOD(MOD((MOD(INT(F70/256^1),256)),16),16)+1,1)&MID("0123456789abcdef",MOD(INT((MOD(INT(F70/256^2),256))/16),16)+1,1)&MID("0123456789abcdef",MOD(MOD((MOD(INT(F70/256^2),256)),16),16)+1,1)&MID("0123456789abcdef",MOD(INT((MOD(INT(F70/256^3),256))/16),16)+1,1)&MID("0123456789abcdef",MOD(MOD((MOD(INT(F70/256^3),256)),16),16)+1,1)) -> 5d41402abc4b2a76b9719d911017c592
B3: Each step: new_B = ADD32( B, ROL32( ADD32(A, FUNC(B,C,D), M[g], K[i]), r[i] ) ) new_A=D new_C=B new_D=C | BITAND implemented as pure INT/MOD byte expansion
B4: Step | C4: A | D4: B | E4: C | F4: D | G4: BA1 | H4: BA2 | I4: BA3 | J4: FUNC | K4: M[g] | L4: K[i] | M4: r | N4: A+F+M+K | O4: ROL | P4: new_B | Q4: Note
B5: INIT | C5: 1732584193 | D5: 4023233417 | E5: 2562383102 | F5: 271733878 | G5: A₀=0x67452301 B₀=0xEFCDAB89 C₀=0x98BADCFE D₀=0x10325476
B6: 1 | C6: =F5 -> 271733878 | D6: =MOD(D5+O6,4294967296) -> 3679623978 | E6: =D5 -> 4023233417 | F6: =E5 -> 2562383102 | G6: =((MOD(INT(MOD(INT((D5)/1),256)/2^0),2)*MOD(INT(MOD(INT((E5)/1),256)/2^0),2)*1+MOD(INT(MOD(INT((D5)/1),256)/2^1),2)*MOD(INT(MOD(INT((E5)/1),256)/2^1),2)*2+MOD(INT(MOD(INT((D5)/1),256)/2^2),2)*MOD(INT(MOD(INT((E5)/1),256)/2^2),2)*4+MOD(INT(MOD(INT((D5)/1),256)/2^3),2)*MOD(INT(MOD(INT((E5)/1),256)/2^3),2)*8+MOD(INT(MOD(INT((D5)/1),256)/2^4),2)*MOD(INT(MOD(INT((E5)/1),256)/2^4),2)*16+MOD(INT(MOD(INT((D5)/1),256)/2^5),2)*MOD(INT(MOD(INT((E5)/1),256)/2^5),2)*32+MOD(INT(MOD(INT((D5)/1),256)/2^6),2)*MOD(INT(MOD(INT((E5)/1),256)/2^6),2)*64+MOD(INT(MOD(INT((D5)/1),256)/2^7),2)*MOD(INT(MOD(INT((E5)/1),256)/2^7),2)*128)*1+(MOD(INT(MOD(INT((D5)/256),256)/2^0),2)*MOD(INT(MOD(INT((E5)/256),256)/2^0),2)*1+MOD(INT(MOD(INT((D5)/256),256)/2^1),2)*MOD(INT(MOD(INT((E5)/256),256)/2^1),2)*2+MOD(INT(MOD(INT((D5)/256),256)/2^2),2)*MOD(INT(MOD(INT((E5)/256),256)/2^2),2)*4+MOD(INT(MOD(INT((D5)/256),256)/2^3),2)*MOD(INT(MOD(INT((E5)/256),256)/2^3),2)*8+MOD(INT(MOD(INT((D5)/256),256)/2^4),2)*MOD(INT(MOD(INT((E5)/256),256)/2^4),2)*16+MOD(INT(MOD(INT((D5)/256),256)/2^5),2)*MOD(INT(MOD(INT((E5)/256),256)/2^5),2)*32+MOD(INT(MOD(INT((D5)/256),256)/2^6),2)*MOD(INT(MOD(INT((E5)/256),256)/2^6),2)*64+MOD(INT(MOD(INT((D5)/256),256)/2^7),2)*MOD(INT(MOD(INT((E5)/256),256)/2^7),2)*128)*256+(MOD(INT(MOD(INT((D5)/65536),256)/2^0),2)*MOD(INT(MOD(INT((E5)/65536),256)/2^0),2)*1+MOD(INT(MOD(INT((D5)/65536),256)/2^1),2)*MOD(INT(MOD(INT((E5)/65536),256)/2^1),2)*2+MOD(INT(MOD(INT((D5)/65536),256)/2^2),2)*MOD(INT(MOD(INT((E5)/65536),256)/2^2),2)*4+MOD(INT(MOD(INT((D5)/65536),256)/2^3),2)*MOD(INT(MOD(INT((E5)/65536),256)/2^3),2)*8+MOD(INT(MOD(INT((D5)/65536),256)/2^4),2)*MOD(INT(MOD(INT((E5)/65536),256)/2^4),2)*16+MOD(INT(MOD(INT((D5)/65536),256)/2^5),2)*MOD(INT(MOD(INT((E5)/65536),256)/2^5),2)*32+MOD(INT(MOD(INT((D5)/65536),256)/2^6),2)*MOD(INT(MOD(INT((E5)/65536),256)/2^6),2)*64+MOD(INT(MOD(INT((D5)/65536),256)/2^7),2)*MOD(INT(MOD(INT((E5)/65536),256)/2^7),2)*128)*65536+(MOD(INT(MOD(INT((D5)/16777216),256)/2^0),2)*MOD(INT(MOD(INT((E5)/16777216),256)/2^0),2)*1+MOD(INT(MOD(INT((D5)/16777216),256)/2^1),2)*MOD(INT(MOD(INT((E5)/16777216),256)/2^1),2)*2+MOD(INT(MOD(INT((D5)/16777216),256)/2^2),2)*MOD(INT(MOD(INT((E5)/16777216),256)/2^2),2)*4+MOD(INT(MOD(INT((D5)/16777216),256)/2^3),2)*MOD(INT(MOD(INT((E5)/16777216),256)/2^3),2)*8+MOD(INT(MOD(INT((D5)/16777216),256)/2^4),2)*MOD(INT(MOD(INT((E5)/16777216),256)/2^4),2)*16+MOD(INT(MOD(INT((D5)/16777216),256)/2^5),2)*MOD(INT(MOD(INT((E5)/16777216),256)/2^5),2)*32+MOD(INT(MOD(INT((D5)/16777216),256)/2^6),2)*MOD(INT(MOD(INT((E5)/16777216),256)/2^6),2)*64+MOD(INT(MOD(INT((D5)/16777216),256)/2^7),2)*MOD(INT(MOD(INT((E5)/16777216),256)/2^7),2)*128)*16777216) -> 2290649224 | H6: =((MOD(INT(MOD(INT(((4294967295-D5))/1),256)/2^0),2)*MOD(INT(MOD(INT((F5)/1),256)/2^0),2)*1+MOD(INT(MOD(INT(((4294967295-D5))/1),256)/2^1),2)*MOD(INT(MOD(INT((F5)/1),256)/2^1),2)*2+MOD(INT(MOD(INT(((4294967295-D5))/1),256)/2^2),2)*MOD(INT(MOD(INT((F5)/1),256)/2^2),2)*4+MOD(INT(MOD(INT(((4294967295-D5))/1),256)/2^3),2)*MOD(INT(MOD(INT((F5)/1),256)/2^3),2)*8+MOD(INT(MOD(INT(((4294967295-D5))/1),256)/2^4),2)*MOD(INT(MOD(INT((F5)/1),256)/2^4),2)*16+MOD(INT(MOD(INT(((4294967295-D5))/1),256)/2^5),2)*MOD(INT(MOD(INT((F5)/1),256)/2^5),2)*32+MOD(INT(MOD(INT(((4294967295-D5))/1),256)/2^6),2)*MOD(INT(MOD(INT((F5)/1),256)/2^6),2)*64+MOD(INT(MOD(INT(((4294967295-D5))/1),256)/2^7),2)*MOD(INT(MOD(INT((F5)/1),256)/2^7),2)*128)*1+(MOD(INT(MOD(INT(((4294967295-D5))/256),256)/2^0),2)*MOD(INT(MOD(INT((F5)/256),256)/2^0),2)*1+MOD(INT(MOD(INT(((4294967295-D5))/256),256)/2^1),2)*MOD(INT(MOD(INT((F5)/256),256)/2^1),2)*2+MOD(INT(MOD(INT(((4294967295-D5))/256),256)/2^2),2)*MOD(INT(MOD(INT((F5)/256),256)/2^2),2)*4+MOD(INT(MOD(INT(((4294967295-D5))/256),256)/2^3),2)*MOD(INT(MOD(INT((F5)/256),256)/2^3),2)*8+MOD(INT(MOD(INT(((4294967295-D5))/256),256)/2^4),2)*MOD(INT(MOD(INT((F5)/256),256)/2^4),2)*16+MOD(INT(MOD(INT(((4294967295-D5))/256),256)/2^5),2)*MOD(INT(MOD(INT((F5)/256),256)/2^5),2)*32+MOD(INT(MOD(INT(((4294967295-D5))/256),256)/2^6),2)*MOD(INT(MOD(INT((F5)/256),256)/2^6),2)*64+MOD(INT(MOD(INT(((4294967295-D5))/256),256)/2^7),2)*MOD(INT(MOD(INT((F5)/256),256)/2^7),2)*128)*256+(MOD(INT(MOD(INT(((4294967295-D5))/65536),256)/2^0),2)*MOD(INT(MOD(INT((F5)/65536),256)/2^0),2)*1+MOD(INT(MOD(INT(((4294967295-D5))/65536),256)/2^1),2)*MOD(INT(MOD(INT((F5)/65536),256)/2^1),2)*2+MOD(INT(MOD(INT(((4294967295-D5))/65536),256)/2^2),2)*MOD(INT(MOD(INT((F5)/65536),256)/2^2),2)*4+MOD(INT(MOD(INT(((4294967295-D5))/65536),256)/2^3),2)*MOD(INT(MOD(INT((F5)/65536),256)/2^3),2)*8+MOD(INT(MOD(INT(((4294967295-D5))/65536),256)/2^4),2)*MOD(INT(MOD(INT((F5)/65536),256)/2^4),2)*16+MOD(INT(MOD(INT(((4294967295-D5))/65536),256)/2^5),2)*MOD(INT(MOD(INT((F5)/65536),256)/2^5),2)*32+MOD(INT(MOD(INT(((4294967295-D5))/65536),256)/2^6),2)*MOD(INT(MOD(INT((F5)/65536),256)/2^6),2)*64+MOD(INT(MOD(INT(((4294967295-D5))/65536),256)/2^7),2)*MOD(INT(MOD(INT((F5)/65536),256)/2^7),2)*128)*65536+(MOD(INT(MOD(INT(((4294967295-D5))/16777216),256)/2^0),2)*MOD(INT(MOD(INT((F5)/16777216),256)/2^0),2)*1+MOD(INT(MOD(INT(((4294967295-D5))/16777216),256)/2^1),2)*MOD(INT(MOD(INT((F5)/16777216),256)/2^1),2)*2+MOD(INT(MOD(INT(((4294967295-D5))/16777216),256)/2^2),2)*MOD(INT(MOD(INT((F5)/16777216),256)/2^2),2)*4+MOD(INT(MOD(INT(((4294967295-D5))/16777216),256)/2^3),2)*MOD(INT(MOD(INT((F5)/16777216),256)/2^3),2)*8+MOD(INT(MOD(INT(((4294967295-D5))/16777216),256)/2^4),2)*MOD(INT(MOD(INT((F5)/16777216),256)/2^4),2)*16+MOD(INT(MOD(INT(((4294967295-D5))/16777216),256)/2^5),2)*MOD(INT(MOD(INT((F5)/16777216),256)/2^5),2)*32+MOD(INT(MOD(INT(((4294967295-D5))/16777216),256)/2^6),2)*MOD(INT(MOD(INT((F5)/16777216),256)/2^6),2)*64+MOD(INT(MOD(INT(((4294967295-D5))/16777216),256)/2^7),2)*MOD(INT(MOD(INT((F5)/16777216),256)/2^7),2)*128)*16777216) -> 271733878 | I6: — | J6: =MOD(G6+H6,4294967296) -> 2562383102 | K6: =(IF(LEN('🔐 MD5'!B5)>0,CODE(MID('🔐 MD5'!B5,1,1)),IF(LEN('🔐 MD5'!B5)=0,128,0)))+(IF(LEN('🔐 MD5'!B5)>1,CODE(MID('🔐 MD5'!B5,2,1)),IF(LEN('🔐 MD5'!B5)=1,128,0)))*256+(IF(LEN('🔐 MD5'!B5)>2,CODE(MID('🔐 MD5'!B5,3,1)),IF(LEN('🔐 MD5'!B5)=2,128,0)))*65536+(IF(LEN('🔐 MD5'!B5)>3,CODE(MID('🔐 MD5'!B5,4,1)),IF(LEN('🔐 MD5'!B5)=3,128,0)))*16777216 -> 1819043176 | L6: ='📦 MD5 Constants'!C4 -> 3614090360 | M6: ='📦 MD5 Constants'!H4 -> 7 | N6: =MOD(C5+J6+K6+'📦 MD5 Constants'!C4,4294967296) -> 1138166239 | O6: =MOD(MOD(N6,2^25)*2^7+INT(N6/2^25),4294967296) -> 3951357857 | P6: =D6 -> 3679623978 | Q6: Round 1: F(B,C,D)=AND(B,C)+AND(NOT_B,D)
B7: 2 | C7: =F6 -> 2562383102 | D7: =MOD(D6+O7,4294967296) -> 286529400 | E7: =D6 -> 3679623978 | F7: =E6 -> 4023233417 | G7: =((MOD(INT(MOD(INT((D6)/1),256)/2^0),2)*MOD(INT(MOD(INT((E6)/1),256)/2^0),2)*1+MOD(INT(MOD(INT((D6)/1),256)/2^1),2)*MOD(INT(MOD(INT((E6)/1),256)/2^1),2)*2+MOD(INT(MOD(INT((D6)/1),256)/2^2),2)*MOD(INT(MOD(INT((E6)/1),256)/2^2),2)*4+MOD(INT(MOD(INT((D6)/1),256)/2^3),2)*MOD(INT(MOD(INT((E6)/1),256)/2^3),2)*8+MOD(INT(MOD(INT((D6)/1),256)/2^4),2)*MOD(INT(MOD(INT((E6)/1),256)/2^4),2)*16+MOD(INT(MOD(INT((D6)/1),256)/2^5),2)*MOD(INT(MOD(INT((E6)/1),256)/2^5),2)*32+MOD(INT(MOD(INT((D6)/1),256)/2^6),2)*MOD(INT(MOD(INT((E6)/1),256)/2^6),2)*64+MOD(INT(MOD(INT((D6)/1),256)/2^7),2)*MOD(INT(MOD(INT((E6)/1),256)/2^7),2)*128)*1+(MOD(INT(MOD(INT((D6)/256),256)/2^0),2)*MOD(INT(MOD(INT((E6)/256),256)/2^0),2)*1+MOD(INT(MOD(INT((D6)/256),256)/2^1),2)*MOD(INT(MOD(INT((E6)/256),256)/2^1),2)*2+MOD(INT(MOD(INT((D6)/256),256)/2^2),2)*MOD(INT(MOD(INT((E6)/256),256)/2^2),2)*4+MOD(INT(MOD(INT((D6)/256),256)/2^3),2)*MOD(INT(MOD(INT((E6)/256),256)/2^3),2)*8+MOD(INT(MOD(INT((D6)/256),256)/2^4),2)*MOD(INT(MOD(INT((E6)/256),256)/2^4),2)*16+MOD(INT(MOD(INT((D6)/256),256)/2^5),2)*MOD(INT(MOD(INT((E6)/256),256)/2^5),2)*32+MOD(INT(MOD(INT((D6)/256),256)/2^6),2)*MOD(INT(MOD(INT((E6)/256),256)/2^6),2)*64+MOD(INT(MOD(INT((D6)/256),256)/2^7),2)*MOD(INT(MOD(INT((E6)/256),256)/2^7),2)*128)*256+(MOD(INT(MOD(INT((D6)/65536),256)/2^0),2)*MOD(INT(MOD(INT((E6)/65536),256)/2^0),2)*1+MOD(INT(MOD(INT((D6)/65536),256)/2^1),2)*MOD(INT(MOD(INT((E6)/65536),256)/2^1),2)*2+MOD(INT(MOD(INT((D6)/65536),256)/2^2),2)*MOD(INT(MOD(INT((E6)/65536),256)/2^2),2)*4+MOD(INT(MOD(INT((D6)/65536),256)/2^3),2)*MOD(INT(MOD(INT((E6)/65536),256)/2^3),2)*8+MOD(INT(MOD(INT((D6)/65536),256)/2^4),2)*MOD(INT(MOD(INT((E6)/65536),256)/2^4),2)*16+MOD(INT(MOD(INT((D6)/65536),256)/2^5),2)*MOD(INT(MOD(INT((E6)/65536),256)/2^5),2)*32+MOD(INT(MOD(INT((D6)/65536),256)/2^6),2)*MOD(INT(MOD(INT((E6)/65536),256)/2^6),2)*64+MOD(INT(MOD(INT((D6)/65536),256)/2^7),2)*MOD(INT(MOD(INT((E6)/65536),256)/2^7),2)*128)*65536+(MOD(INT(MOD(INT((D6)/16777216),256)/2^0),2)*MOD(INT(MOD(INT((E6)/16777216),256)/2^0),2)*1+MOD(INT(MOD(INT((D6)/16777216),256)/2^1),2)*MOD(INT(MOD(INT((E6)/16777216),256)/2^1),2)*2+MOD(INT(MOD(INT((D6)/16777216),256)/2^2),2)*MOD(INT(MOD(INT((E6)/16777216),256)/2^2),2)*4+MOD(INT(MOD(INT((D6)/16777216),256)/2^3),2)*MOD(INT(MOD(INT((E6)/16777216),256)/2^3),2)*8+MOD(INT(MOD(INT((D6)/16777216),256)/2^4),2)*MOD(INT(MOD(INT((E6)/16777216),256)/2^4),2)*16+MOD(INT(MOD(INT((D6)/16777216),256)/2^5),2)*MOD(INT(MOD(INT((E6)/16777216),256)/2^5),2)*32+MOD(INT(MOD(INT((D6)/16777216),256)/2^6),2)*MOD(INT(MOD(INT((E6)/16777216),256)/2^6),2)*64+MOD(INT(MOD(INT((D6)/16777216),256)/2^7),2)*MOD(INT(MOD(INT((E6)/16777216),256)/2^7),2)*128)*16777216) -> 3410004744 | H7: =((MOD(INT(MOD(INT(((4294967295-D6))/1),256)/2^0),2)*MOD(INT(MOD(INT((F6)/1),256)/2^0),2)*1+MOD(INT(MOD(INT(((4294967295-D6))/1),256)/2^1),2)*MOD(INT(MOD(INT((F6)/1),256)/2^1),2)*2+MOD(INT(MOD(INT(((4294967295-D6))/1),256)/2^2),2)*MOD(INT(MOD(INT((F6)/1),256)/2^2),2)*4+MOD(INT(MOD(INT(((4294967295-D6))/1),256)/2^3),2)*MOD(INT(MOD(INT((F6)/1),256)/2^3),2)*8+MOD(INT(MOD(INT(((4294967295-D6))/1),256)/2^4),2)*MOD(INT(MOD(INT((F6)/1),256)/2^4),2)*16+MOD(INT(MOD(INT(((4294967295-D6))/1),256)/2^5),2)*MOD(INT(MOD(INT((F6)/1),256)/2^5),2)*32+MOD(INT(MOD(INT(((4294967295-D6))/1),256)/2^6),2)*MOD(INT(MOD(INT((F6)/1),256)/2^6),2)*64+MOD(INT(MOD(INT(((4294967295-D6))/1),256)/2^7),2)*MOD(INT(MOD(INT((F6)/1),256)/2^7),2)*128)*1+(MOD(INT(MOD(INT(((4294967295-D6))/256),256)/2^0),2)*MOD(INT(MOD(INT((F6)/256),256)/2^0),2)*1+MOD(INT(MOD(INT(((4294967295-D6))/256),256)/2^1),2)*MOD(INT(MOD(INT((F6)/256),256)/2^1),2)*2+MOD(INT(MOD(INT(((4294967295-D6))/256),256)/2^2),2)*MOD(INT(MOD(INT((F6)/256),256)/2^2),2)*4+MOD(INT(MOD(INT(((4294967295-D6))/256),256)/2^3),2)*MOD(INT(MOD(INT((F6)/256),256)/2^3),2)*8+MOD(INT(MOD(INT(((4294967295-D6))/256),256)/2^4),2)*MOD(INT(MOD(INT((F6)/256),256)/2^4),2)*16+MOD(INT(MOD(INT(((4294967295-D6))/256),256)/2^5),2)*MOD(INT(MOD(INT((F6)/256),256)/2^5),2)*32+MOD(INT(MOD(INT(((4294967295-D6))/256),256)/2^6),2)*MOD(INT(MOD(INT((F6)/256),256)/2^6),2)*64+MOD(INT(MOD(INT(((4294967295-D6))/256),256)/2^7),2)*MOD(INT(MOD(INT((F6)/256),256)/2^7),2)*128)*256+(MOD(INT(MOD(INT(((4294967295-D6))/65536),256)/2^0),2)*MOD(INT(MOD(INT((F6)/65536),256)/2^0),2)*1+MOD(INT(MOD(INT(((4294967295-D6))/65536),256)/2^1),2)*MOD(INT(MOD(INT((F6)/65536),256)/2^1),2)*2+MOD(INT(MOD(INT(((4294967295-D6))/65536),256)/2^2),2)*MOD(INT(MOD(INT((F6)/65536),256)/2^2),2)*4+MOD(INT(MOD(INT(((4294967295-D6))/65536),256)/2^3),2)*MOD(INT(MOD(INT((F6)/65536),256)/2^3),2)*8+MOD(INT(MOD(INT(((4294967295-D6))/65536),256)/2^4),2)*MOD(INT(MOD(INT((F6)/65536),256)/2^4),2)*16+MOD(INT(MOD(INT(((4294967295-D6))/65536),256)/2^5),2)*MOD(INT(MOD(INT((F6)/65536),256)/2^5),2)*32+MOD(INT(MOD(INT(((4294967295-D6))/65536),256)/2^6),2)*MOD(INT(MOD(INT((F6)/65536),256)/2^6),2)*64+MOD(INT(MOD(INT(((4294967295-D6))/65536),256)/2^7),2)*MOD(INT(MOD(INT((F6)/65536),256)/2^7),2)*128)*65536+(MOD(INT(MOD(INT(((4294967295-D6))/16777216),256)/2^0),2)*MOD(INT(MOD(INT((F6)/16777216),256)/2^0),2)*1+MOD(INT(MOD(INT(((4294967295-D6))/16777216),256)/2^1),2)*MOD(INT(MOD(INT((F6)/16777216),256)/2^1),2)*2+MOD(INT(MOD(INT(((4294967295-D6))/16777216),256)/2^2),2)*MOD(INT(MOD(INT((F6)/16777216),256)/2^2),2)*4+MOD(INT(MOD(INT(((4294967295-D6))/16777216),256)/2^3),2)*MOD(INT(MOD(INT((F6)/16777216),256)/2^3),2)*8+MOD(INT(MOD(INT(((4294967295-D6))/16777216),256)/2^4),2)*MOD(INT(MOD(INT((F6)/16777216),256)/2^4),2)*16+MOD(INT(MOD(INT(((4294967295-D6))/16777216),256)/2^5),2)*MOD(INT(MOD(INT((F6)/16777216),256)/2^5),2)*32+MOD(INT(MOD(INT(((4294967295-D6))/16777216),256)/2^6),2)*MOD(INT(MOD(INT((F6)/16777216),256)/2^6),2)*64+MOD(INT(MOD(INT(((4294967295-D6))/16777216),256)/2^7),2)*MOD(INT(MOD(INT((F6)/16777216),256)/2^7),2)*128)*16777216) -> 11027668 | I7: — | J7: =MOD(G7+H7,4294967296) -> 3421032412 | K7: =(IF(LEN('🔐 MD5'!B5)>4,CODE(MID('🔐 MD5'!B5,5,1)),IF(LEN('🔐 MD5'!B5)=4,128,0)))+(IF(LEN('🔐 MD5'!B5)>5,CODE(MID('🔐 MD5'!B5,6,1)),IF(LEN('🔐 MD5'!B5)=5,128,0)))*256+(IF(LEN('🔐 MD5'!B5)>6,CODE(MID('🔐 MD5'!B5,7,1)),IF(LEN('🔐 MD5'!B5)=6,128,0)))*65536+(IF(LEN('🔐 MD5'!B5)=7,128,0))*16777216 -> 32879 | L7: ='📦 MD5 Constants'!C5 -> 3905402710 | M7: ='📦 MD5 Constants'!H5 -> 12 | N7: =MOD(C6+J7+K7+'📦 MD5 Constants'!C5,4294967296) -> 3303234583 | O7: =MOD(MOD(N7,2^20)*2^12+INT(N7/2^20),4294967296) -> 901872718 | P7: =D7 -> 286529400 | Q7: op=2 g=M[1] shift=12
B8: 3 | C8: =F7 -> 4023233417 | D8: =MOD(D7+O8,4294967296) -> 605655266 | E8: =D7 -> 286529400 | F8: =E7 -> 3679623978 | G8: =((MOD(INT(MOD(INT((D7)/1),256)/2^0),2)*MOD(INT(MOD(INT((E7)/1),256)/2^0),2)*1+MOD(INT(MOD(INT((D7)/1),256)/2^1),2)*MOD(INT(MOD(INT((E7)/1),256)/2^1),2)*2+MOD(INT(MOD(INT((D7)/1),256)/2^2),2)*MOD(INT(MOD(INT((E7)/1),256)/2^2),2)*4+MOD(INT(MOD(INT((D7)/1),256)/2^3),2)*MOD(INT(MOD(INT((E7)/1),256)/2^3),2)*8+MOD(INT(MOD(INT((D7)/1),256)/2^4),2)*MOD(INT(MOD(INT((E7)/1),256)/2^4),2)*16+MOD(INT(MOD(INT((D7)/1),256)/2^5),2)*MOD(INT(MOD(INT((E7)/1),256)/2^5),2)*32+MOD(INT(MOD(INT((D7)/1),256)/2^6),2)*MOD(INT(MOD(INT((E7)/1),256)/2^6),2)*64+MOD(INT(MOD(INT((D7)/1),256)/2^7),2)*MOD(INT(MOD(INT((E7)/1),256)/2^7),2)*128)*1+(MOD(INT(MOD(INT((D7)/256),256)/2^0),2)*MOD(INT(MOD(INT((E7)/256),256)/2^0),2)*1+MOD(INT(MOD(INT((D7)/256),256)/2^1),2)*MOD(INT(MOD(INT((E7)/256),256)/2^1),2)*2+MOD(INT(MOD(INT((D7)/256),256)/2^2),2)*MOD(INT(MOD(INT((E7)/256),256)/2^2),2)*4+MOD(INT(MOD(INT((D7)/256),256)/2^3),2)*MOD(INT(MOD(INT((E7)/256),256)/2^3),2)*8+MOD(INT(MOD(INT((D7)/256),256)/2^4),2)*MOD(INT(MOD(INT((E7)/256),256)/2^4),2)*16+MOD(INT(MOD(INT((D7)/256),256)/2^5),2)*MOD(INT(MOD(INT((E7)/256),256)/2^5),2)*32+MOD(INT(MOD(INT((D7)/256),256)/2^6),2)*MOD(INT(MOD(INT((E7)/256),256)/2^6),2)*64+MOD(INT(MOD(INT((D7)/256),256)/2^7),2)*MOD(INT(MOD(INT((E7)/256),256)/2^7),2)*128)*256+(MOD(INT(MOD(INT((D7)/65536),256)/2^0),2)*MOD(INT(MOD(INT((E7)/65536),256)/2^0),2)*1+MOD(INT(MOD(INT((D7)/65536),256)/2^1),2)*MOD(INT(MOD(INT((E7)/65536),256)/2^1),2)*2+MOD(INT(MOD(INT((D7)/65536),256)/2^2),2)*MOD(INT(MOD(INT((E7)/65536),256)/2^2),2)*4+MOD(INT(MOD(INT((D7)/65536),256)/2^3),2)*MOD(INT(MOD(INT((E7)/65536),256)/2^3),2)*8+MOD(INT(MOD(INT((D7)/65536),256)/2^4),2)*MOD(INT(MOD(INT((E7)/65536),256)/2^4),2)*16+MOD(INT(MOD(INT((D7)/65536),256)/2^5),2)*MOD(INT(MOD(INT((E7)/65536),256)/2^5),2)*32+MOD(INT(MOD(INT((D7)/65536),256)/2^6),2)*MOD(INT(MOD(INT((E7)/65536),256)/2^6),2)*64+MOD(INT(MOD(INT((D7)/65536),256)/2^7),2)*MOD(INT(MOD(INT((E7)/65536),256)/2^7),2)*128)*65536+(MOD(INT(MOD(INT((D7)/16777216),256)/2^0),2)*MOD(INT(MOD(INT((E7)/16777216),256)/2^0),2)*1+MOD(INT(MOD(INT((D7)/16777216),256)/2^1),2)*MOD(INT(MOD(INT((E7)/16777216),256)/2^1),2)*2+MOD(INT(MOD(INT((D7)/16777216),256)/2^2),2)*MOD(INT(MOD(INT((E7)/16777216),256)/2^2),2)*4+MOD(INT(MOD(INT((D7)/16777216),256)/2^3),2)*MOD(INT(MOD(INT((E7)/16777216),256)/2^3),2)*8+MOD(INT(MOD(INT((D7)/16777216),256)/2^4),2)*MOD(INT(MOD(INT((E7)/16777216),256)/2^4),2)*16+MOD(INT(MOD(INT((D7)/16777216),256)/2^5),2)*MOD(INT(MOD(INT((E7)/16777216),256)/2^5),2)*32+MOD(INT(MOD(INT((D7)/16777216),256)/2^6),2)*MOD(INT(MOD(INT((E7)/16777216),256)/2^6),2)*64+MOD(INT(MOD(INT((D7)/16777216),256)/2^7),2)*MOD(INT(MOD(INT((E7)/16777216),256)/2^7),2)*128)*16777216) -> 286266152 | H8: =((MOD(INT(MOD(INT(((4294967295-D7))/1),256)/2^0),2)*MOD(INT(MOD(INT((F7)/1),256)/2^0),2)*1+MOD(INT(MOD(INT(((4294967295-D7))/1),256)/2^1),2)*MOD(INT(MOD(INT((F7)/1),256)/2^1),2)*2+MOD(INT(MOD(INT(((4294967295-D7))/1),256)/2^2),2)*MOD(INT(MOD(INT((F7)/1),256)/2^2),2)*4+MOD(INT(MOD(INT(((4294967295-D7))/1),256)/2^3),2)*MOD(INT(MOD(INT((F7)/1),256)/2^3),2)*8+MOD(INT(MOD(INT(((4294967295-D7))/1),256)/2^4),2)*MOD(INT(MOD(INT((F7)/1),256)/2^4),2)*16+MOD(INT(MOD(INT(((4294967295-D7))/1),256)/2^5),2)*MOD(INT(MOD(INT((F7)/1),256)/2^5),2)*32+MOD(INT(MOD(INT(((4294967295-D7))/1),256)/2^6),2)*MOD(INT(MOD(INT((F7)/1),256)/2^6),2)*64+MOD(INT(MOD(INT(((4294967295-D7))/1),256)/2^7),2)*MOD(INT(MOD(INT((F7)/1),256)/2^7),2)*128)*1+(MOD(INT(MOD(INT(((4294967295-D7))/256),256)/2^0),2)*MOD(INT(MOD(INT((F7)/256),256)/2^0),2)*1+MOD(INT(MOD(INT(((4294967295-D7))/256),256)/2^1),2)*MOD(INT(MOD(INT((F7)/256),256)/2^1),2)*2+MOD(INT(MOD(INT(((4294967295-D7))/256),256)/2^2),2)*MOD(INT(MOD(INT((F7)/256),256)/2^2),2)*4+MOD(INT(MOD(INT(((4294967295-D7))/256),256)/2^3),2)*MOD(INT(MOD(INT((F7)/256),256)/2^3),2)*8+MOD(INT(MOD(INT(((4294967295-D7))/256),256)/2^4),2)*MOD(INT(MOD(INT((F7)/256),256)/2^4),2)*16+MOD(INT(MOD(INT(((4294967295-D7))/256),256)/2^5),2)*MOD(INT(MOD(INT((F7)/256),256)/2^5),2)*32+MOD(INT(MOD(INT(((4294967295-D7))/256),256)/2^6),2)*MOD(INT(MOD(INT((F7)/256),256)/2^6),2)*64+MOD(INT(MOD(INT(((4294967295-D7))/256),256)/2^7),2)*MOD(INT(MOD(INT((F7)/256),256)/2^7),2)*128)*256+(MOD(INT(MOD(INT(((4294967295-D7))/65536),256)/2^0),2)*MOD(INT(MOD(INT((F7)/65536),256)/2^0),2)*1+MOD(INT(MOD(INT(((4294967295-D7))/65536),256)/2^1),2)*MOD(INT(MOD(INT((F7)/65536),256)/2^1),2)*2+MOD(INT(MOD(INT(((4294967295-D7))/65536),256)/2^2),2)*MOD(INT(MOD(INT((F7)/65536),256)/2^2),2)*4+MOD(INT(MOD(INT(((4294967295-D7))/65536),256)/2^3),2)*MOD(INT(MOD(INT((F7)/65536),256)/2^3),2)*8+MOD(INT(MOD(INT(((4294967295-D7))/65536),256)/2^4),2)*MOD(INT(MOD(INT((F7)/65536),256)/2^4),2)*16+MOD(INT(MOD(INT(((4294967295-D7))/65536),256)/2^5),2)*MOD(INT(MOD(INT((F7)/65536),256)/2^5),2)*32+MOD(INT(MOD(INT(((4294967295-D7))/65536),256)/2^6),2)*MOD(INT(MOD(INT((F7)/65536),256)/2^6),2)*64+MOD(INT(MOD(INT(((4294967295-D7))/65536),256)/2^7),2)*MOD(INT(MOD(INT((F7)/65536),256)/2^7),2)*128)*65536+(MOD(INT(MOD(INT(((4294967295-D7))/16777216),256)/2^0),2)*MOD(INT(MOD(INT((F7)/16777216),256)/2^0),2)*1+MOD(INT(MOD(INT(((4294967295-D7))/16777216),256)/2^1),2)*MOD(INT(MOD(INT((F7)/16777216),256)/2^1),2)*2+MOD(INT(MOD(INT(((4294967295-D7))/16777216),256)/2^2),2)*MOD(INT(MOD(INT((F7)/16777216),256)/2^2),2)*4+MOD(INT(MOD(INT(((4294967295-D7))/16777216),256)/2^3),2)*MOD(INT(MOD(INT((F7)/16777216),256)/2^3),2)*8+MOD(INT(MOD(INT(((4294967295-D7))/16777216),256)/2^4),2)*MOD(INT(MOD(INT((F7)/16777216),256)/2^4),2)*16+MOD(INT(MOD(INT(((4294967295-D7))/16777216),256)/2^5),2)*MOD(INT(MOD(INT((F7)/16777216),256)/2^5),2)*32+MOD(INT(MOD(INT(((4294967295-D7))/16777216),256)/2^6),2)*MOD(INT(MOD(INT((F7)/16777216),256)/2^6),2)*64+MOD(INT(MOD(INT(((4294967295-D7))/16777216),256)/2^7),2)*MOD(INT(MOD(INT((F7)/16777216),256)/2^7),2)*128)*16777216) -> 4006193281 | I8: — | J8: =MOD(G8+H8,4294967296) -> 4292459433 | K8: =(0)+(0)*256+(0)*65536+(0)*16777216 -> 0 | L8: ='📦 MD5 Constants'!C6 -> 606105819 | M8: ='📦 MD5 Constants'!H6 -> 17 | N8: =MOD(C7+J8+K8+'📦 MD5 Constants'!C6,4294967296) -> 3165981058 | O8: =MOD(MOD(N8,2^15)*2^17+INT(N8/2^15),4294967296) -> 319125866 | P8: =D8 -> 605655266 | Q8: op=3 g=M[2] shift=17
B9: 4 | C9: =F8 -> 3679623978 | D9: =MOD(D8+O9,4294967296) -> 2617034823 | E9: =D8 -> 605655266 | F9: =E8 -> 286529400 | G9: =((MOD(INT(MOD(INT((D8)/1),256)/2^0),2)*MOD(INT(MOD(INT((E8)/1),256)/2^0),2)*1+MOD(INT(MOD(INT((D8)/1),256)/2^1),2)*MOD(INT(MOD(INT((E8)/1),256)/2^1),2)*2+MOD(INT(MOD(INT((D8)/1),256)/2^2),2)*MOD(INT(MOD(INT((E8)/1),256)/2^2),2)*4+MOD(INT(MOD(INT((D8)/1),256)/2^3),2)*MOD(INT(MOD(INT((E8)/1),256)/2^3),2)*8+MOD(INT(MOD(INT((D8)/1),256)/2^4),2)*MOD(INT(MOD(INT((E8)/1),256)/2^4),2)*16+MOD(INT(MOD(INT((D8)/1),256)/2^5),2)*MOD(INT(MOD(INT((E8)/1),256)/2^5),2)*32+MOD(INT(MOD(INT((D8)/1),256)/2^6),2)*MOD(INT(MOD(INT((E8)/1),256)/2^6),2)*64+MOD(INT(MOD(INT((D8)/1),256)/2^7),2)*MOD(INT(MOD(INT((E8)/1),256)/2^7),2)*128)*1+(MOD(INT(MOD(INT((D8)/256),256)/2^0),2)*MOD(INT(MOD(INT((E8)/256),256)/2^0),2)*1+MOD(INT(MOD(INT((D8)/256),256)/2^1),2)*MOD(INT(MOD(INT((E8)/256),256)/2^1),2)*2+MOD(INT(MOD(INT((D8)/256),256)/2^2),2)*MOD(INT(MOD(INT((E8)/256),256)/2^2),2)*4+MOD(INT(MOD(INT((D8)/256),256)/2^3),2)*MOD(INT(MOD(INT((E8)/256),256)/2^3),2)*8+MOD(INT(MOD(INT((D8)/256),256)/2^4),2)*MOD(INT(MOD(INT((E8)/256),256)/2^4),2)*16+MOD(INT(MOD(INT((D8)/256),256)/2^5),2)*MOD(INT(MOD(INT((E8)/256),256)/2^5),2)*32+MOD(INT(MOD(INT((D8)/256),256)/2^6),2)*MOD(INT(MOD(INT((E8)/256),256)/2^6),2)*64+MOD(INT(MOD(INT((D8)/256),256)/2^7),2)*MOD(INT(MOD(INT((E8)/256),256)/2^7),2)*128)*256+(MOD(INT(MOD(INT((D8)/65536),256)/2^0),2)*MOD(INT(MOD(INT((E8)/65536),256)/2^0),2)*1+MOD(INT(MOD(INT((D8)/65536),256)/2^1),2)*MOD(INT(MOD(INT((E8)/65536),256)/2^1),2)*2+MOD(INT(MOD(INT((D8)/65536),256)/2^2),2)*MOD(INT(MOD(INT((E8)/65536),256)/2^2),2)*4+MOD(INT(MOD(INT((D8)/65536),256)/2^3),2)*MOD(INT(MOD(INT((E8)/65536),256)/2^3),2)*8+MOD(INT(MOD(INT((D8)/65536),256)/2^4),2)*MOD(INT(MOD(INT((E8)/65536),256)/2^4),2)*16+MOD(INT(MOD(INT((D8)/65536),256)/2^5),2)*MOD(INT(MOD(INT((E8)/65536),256)/2^5),2)*32+MOD(INT(MOD(INT((D8)/65536),256)/2^6),2)*MOD(INT(MOD(INT((E8)/65536),256)/2^6),2)*64+MOD(INT(MOD(INT((D8)/65536),256)/2^7),2)*MOD(INT(MOD(INT((E8)/65536),256)/2^7),2)*128)*65536+(MOD(INT(MOD(INT((D8)/16777216),256)/2^0),2)*MOD(INT(MOD(INT((E8)/16777216),256)/2^0),2)*1+MOD(INT(MOD(INT((D8)/16777216),256)/2^1),2)*MOD(INT(MOD(INT((E8)/16777216),256)/2^1),2)*2+MOD(INT(MOD(INT((D8)/16777216),256)/2^2),2)*MOD(INT(MOD(INT((E8)/16777216),256)/2^2),2)*4+MOD(INT(MOD(INT((D8)/16777216),256)/2^3),2)*MOD(INT(MOD(INT((E8)/16777216),256)/2^3),2)*8+MOD(INT(MOD(INT((D8)/16777216),256)/2^4),2)*MOD(INT(MOD(INT((E8)/16777216),256)/2^4),2)*16+MOD(INT(MOD(INT((D8)/16777216),256)/2^5),2)*MOD(INT(MOD(INT((E8)/16777216),256)/2^5),2)*32+MOD(INT(MOD(INT((D8)/16777216),256)/2^6),2)*MOD(INT(MOD(INT((E8)/16777216),256)/2^6),2)*64+MOD(INT(MOD(INT((D8)/16777216),256)/2^7),2)*MOD(INT(MOD(INT((E8)/16777216),256)/2^7),2)*128)*16777216) -> 1052768 | H9: =((MOD(INT(MOD(INT(((4294967295-D8))/1),256)/2^0),2)*MOD(INT(MOD(INT((F8)/1),256)/2^0),2)*1+MOD(INT(MOD(INT(((4294967295-D8))/1),256)/2^1),2)*MOD(INT(MOD(INT((F8)/1),256)/2^1),2)*2+MOD(INT(MOD(INT(((4294967295-D8))/1),256)/2^2),2)*MOD(INT(MOD(INT((F8)/1),256)/2^2),2)*4+MOD(INT(MOD(INT(((4294967295-D8))/1),256)/2^3),2)*MOD(INT(MOD(INT((F8)/1),256)/2^3),2)*8+MOD(INT(MOD(INT(((4294967295-D8))/1),256)/2^4),2)*MOD(INT(MOD(INT((F8)/1),256)/2^4),2)*16+MOD(INT(MOD(INT(((4294967295-D8))/1),256)/2^5),2)*MOD(INT(MOD(INT((F8)/1),256)/2^5),2)*32+MOD(INT(MOD(INT(((4294967295-D8))/1),256)/2^6),2)*MOD(INT(MOD(INT((F8)/1),256)/2^6),2)*64+MOD(INT(MOD(INT(((4294967295-D8))/1),256)/2^7),2)*MOD(INT(MOD(INT((F8)/1),256)/2^7),2)*128)*1+(MOD(INT(MOD(INT(((4294967295-D8))/256),256)/2^0),2)*MOD(INT(MOD(INT((F8)/256),256)/2^0),2)*1+MOD(INT(MOD(INT(((4294967295-D8))/256),256)/2^1),2)*MOD(INT(MOD(INT((F8)/256),256)/2^1),2)*2+MOD(INT(MOD(INT(((4294967295-D8))/256),256)/2^2),2)*MOD(INT(MOD(INT((F8)/256),256)/2^2),2)*4+MOD(INT(MOD(INT(((4294967295-D8))/256),256)/2^3),2)*MOD(INT(MOD(INT((F8)/256),256)/2^3),2)*8+MOD(INT(MOD(INT(((4294967295-D8))/256),256)/2^4),2)*MOD(INT(MOD(INT((F8)/256),256)/2^4),2)*16+MOD(INT(MOD(INT(((4294967295-D8))/256),256)/2^5),2)*MOD(INT(MOD(INT((F8)/256),256)/2^5),2)*32+MOD(INT(MOD(INT(((4294967295-D8))/256),256)/2^6),2)*MOD(INT(MOD(INT((F8)/256),256)/2^6),2)*64+MOD(INT(MOD(INT(((4294967295-D8))/256),256)/2^7),2)*MOD(INT(MOD(INT((F8)/256),256)/2^7),2)*128)*256+(MOD(INT(MOD(INT(((4294967295-D8))/65536),256)/2^0),2)*MOD(INT(MOD(INT((F8)/65536),256)/2^0),2)*1+MOD(INT(MOD(INT(((4294967295-D8))/65536),256)/2^1),2)*MOD(INT(MOD(INT((F8)/65536),256)/2^1),2)*2+MOD(INT(MOD(INT(((4294967295-D8))/65536),256)/2^2),2)*MOD(INT(MOD(INT((F8)/65536),256)/2^2),2)*4+MOD(INT(MOD(INT(((4294967295-D8))/65536),256)/2^3),2)*MOD(INT(MOD(INT((F8)/65536),256)/2^3),2)*8+MOD(INT(MOD(INT(((4294967295-D8))/65536),256)/2^4),2)*MOD(INT(MOD(INT((F8)/65536),256)/2^4),2)*16+MOD(INT(MOD(INT(((4294967295-D8))/65536),256)/2^5),2)*MOD(INT(MOD(INT((F8)/65536),256)/2^5),2)*32+MOD(INT(MOD(INT(((4294967295-D8))/65536),256)/2^6),2)*MOD(INT(MOD(INT((F8)/65536),256)/2^6),2)*64+MOD(INT(MOD(INT(((4294967295-D8))/65536),256)/2^7),2)*MOD(INT(MOD(INT((F8)/65536),256)/2^7),2)*128)*65536+(MOD(INT(MOD(INT(((4294967295-D8))/16777216),256)/2^0),2)*MOD(INT(MOD(INT((F8)/16777216),256)/2^0),2)*1+MOD(INT(MOD(INT(((4294967295-D8))/16777216),256)/2^1),2)*MOD(INT(MOD(INT((F8)/16777216),256)/2^1),2)*2+MOD(INT(MOD(INT(((4294967295-D8))/16777216),256)/2^2),2)*MOD(INT(MOD(INT((F8)/16777216),256)/2^2),2)*4+MOD(INT(MOD(INT(((4294967295-D8))/16777216),256)/2^3),2)*MOD(INT(MOD(INT((F8)/16777216),256)/2^3),2)*8+MOD(INT(MOD(INT(((4294967295-D8))/16777216),256)/2^4),2)*MOD(INT(MOD(INT((F8)/16777216),256)/2^4),2)*16+MOD(INT(MOD(INT(((4294967295-D8))/16777216),256)/2^5),2)*MOD(INT(MOD(INT((F8)/16777216),256)/2^5),2)*32+MOD(INT(MOD(INT(((4294967295-D8))/16777216),256)/2^6),2)*MOD(INT(MOD(INT((F8)/16777216),256)/2^6),2)*64+MOD(INT(MOD(INT(((4294967295-D8))/16777216),256)/2^7),2)*MOD(INT(MOD(INT((F8)/16777216),256)/2^7),2)*128)*16777216) -> 3678538504 | I9: — | J9: =MOD(G9+H9,4294967296) -> 3679591272 | K9: =(0)+(0)*256+(0)*65536+(0)*16777216 -> 0 | L9: ='📦 MD5 Constants'!C7 -> 3250441966 | M9: ='📦 MD5 Constants'!H7 -> 22 | N9: =MOD(C8+J9+K9+'📦 MD5 Constants'!C7,4294967296) -> 2363332063 | O9: =MOD(MOD(N9,2^10)*2^22+INT(N9/2^10),4294967296) -> 2011379557 | P9: =D9 -> 2617034823 | Q9: op=4 g=M[3] shift=22
B10: 5 | C10: =F9 -> 286529400 | D10: =MOD(D9+O10,4294967296) -> 262009391 | E10: =D9 -> 2617034823 | F10: =E9 -> 605655266 | G10: =((MOD(INT(MOD(INT((D9)/1),256)/2^0),2)*MOD(INT(MOD(INT((E9)/1),256)/2^0),2)*1+MOD(INT(MOD(INT((D9)/1),256)/2^1),2)*MOD(INT(MOD(INT((E9)/1),256)/2^1),2)*2+MOD(INT(MOD(INT((D9)/1),256)/2^2),2)*MOD(INT(MOD(INT((E9)/1),256)/2^2),2)*4+MOD(INT(MOD(INT((D9)/1),256)/2^3),2)*MOD(INT(MOD(INT((E9)/1),256)/2^3),2)*8+MOD(INT(MOD(INT((D9)/1),256)/2^4),2)*MOD(INT(MOD(INT((E9)/1),256)/2^4),2)*16+MOD(INT(MOD(INT((D9)/1),256)/2^5),2)*MOD(INT(MOD(INT((E9)/1),256)/2^5),2)*32+MOD(INT(MOD(INT((D9)/1),256)/2^6),2)*MOD(INT(MOD(INT((E9)/1),256)/2^6),2)*64+MOD(INT(MOD(INT((D9)/1),256)/2^7),2)*MOD(INT(MOD(INT((E9)/1),256)/2^7),2)*128)*1+(MOD(INT(MOD(INT((D9)/256),256)/2^0),2)*MOD(INT(MOD(INT((E9)/256),256)/2^0),2)*1+MOD(INT(MOD(INT((D9)/256),256)/2^1),2)*MOD(INT(MOD(INT((E9)/256),256)/2^1),2)*2+MOD(INT(MOD(INT((D9)/256),256)/2^2),2)*MOD(INT(MOD(INT((E9)/256),256)/2^2),2)*4+MOD(INT(MOD(INT((D9)/256),256)/2^3),2)*MOD(INT(MOD(INT((E9)/256),256)/2^3),2)*8+MOD(INT(MOD(INT((D9)/256),256)/2^4),2)*MOD(INT(MOD(INT((E9)/256),256)/2^4),2)*16+MOD(INT(MOD(INT((D9)/256),256)/2^5),2)*MOD(INT(MOD(INT((E9)/256),256)/2^5),2)*32+MOD(INT(MOD(INT((D9)/256),256)/2^6),2)*MOD(INT(MOD(INT((E9)/256),256)/2^6),2)*64+MOD(INT(MOD(INT((D9)/256),256)/2^7),2)*MOD(INT(MOD(INT((E9)/256),256)/2^7),2)*128)*256+(MOD(INT(MOD(INT((D9)/65536),256)/2^0),2)*MOD(INT(MOD(INT((E9)/65536),256)/2^0),2)*1+MOD(INT(MOD(INT((D9)/65536),256)/2^1),2)*MOD(INT(MOD(INT((E9)/65536),256)/2^1),2)*2+MOD(INT(MOD(INT((D9)/65536),256)/2^2),2)*MOD(INT(MOD(INT((E9)/65536),256)/2^2),2)*4+MOD(INT(MOD(INT((D9)/65536),256)/2^3),2)*MOD(INT(MOD(INT((E9)/65536),256)/2^3),2)*8+MOD(INT(MOD(INT((D9)/65536),256)/2^4),2)*MOD(INT(MOD(INT((E9)/65536),256)/2^4),2)*16+MOD(INT(MOD(INT((D9)/65536),256)/2^5),2)*MOD(INT(MOD(INT((E9)/65536),256)/2^5),2)*32+MOD(INT(MOD(INT((D9)/65536),256)/2^6),2)*MOD(INT(MOD(INT((E9)/65536),256)/2^6),2)*64+MOD(INT(MOD(INT((D9)/65536),256)/2^7),2)*MOD(INT(MOD(INT((E9)/65536),256)/2^7),2)*128)*65536+(MOD(INT(MOD(INT((D9)/16777216),256)/2^0),2)*MOD(INT(MOD(INT((E9)/16777216),256)/2^0),2)*1+MOD(INT(MOD(INT((D9)/16777216),256)/2^1),2)*MOD(INT(MOD(INT((E9)/16777216),256)/2^1),2)*2+MOD(INT(MOD(INT((D9)/16777216),256)/2^2),2)*MOD(INT(MOD(INT((E9)/16777216),256)/2^2),2)*4+MOD(INT(MOD(INT((D9)/16777216),256)/2^3),2)*MOD(INT(MOD(INT((E9)/16777216),256)/2^3),2)*8+MOD(INT(MOD(INT((D9)/16777216),256)/2^4),2)*MOD(INT(MOD(INT((E9)/16777216),256)/2^4),2)*16+MOD(INT(MOD(INT((D9)/16777216),256)/2^5),2)*MOD(INT(MOD(INT((E9)/16777216),256)/2^5),2)*32+MOD(INT(MOD(INT((D9)/16777216),256)/2^6),2)*MOD(INT(MOD(INT((E9)/16777216),256)/2^6),2)*64+MOD(INT(MOD(INT((D9)/16777216),256)/2^7),2)*MOD(INT(MOD(INT((E9)/16777216),256)/2^7),2)*128)*16777216) -> 1605698 | H10: =((MOD(INT(MOD(INT(((4294967295-D9))/1),256)/2^0),2)*MOD(INT(MOD(INT((F9)/1),256)/2^0),2)*1+MOD(INT(MOD(INT(((4294967295-D9))/1),256)/2^1),2)*MOD(INT(MOD(INT((F9)/1),256)/2^1),2)*2+MOD(INT(MOD(INT(((4294967295-D9))/1),256)/2^2),2)*MOD(INT(MOD(INT((F9)/1),256)/2^2),2)*4+MOD(INT(MOD(INT(((4294967295-D9))/1),256)/2^3),2)*MOD(INT(MOD(INT((F9)/1),256)/2^3),2)*8+MOD(INT(MOD(INT(((4294967295-D9))/1),256)/2^4),2)*MOD(INT(MOD(INT((F9)/1),256)/2^4),2)*16+MOD(INT(MOD(INT(((4294967295-D9))/1),256)/2^5),2)*MOD(INT(MOD(INT((F9)/1),256)/2^5),2)*32+MOD(INT(MOD(INT(((4294967295-D9))/1),256)/2^6),2)*MOD(INT(MOD(INT((F9)/1),256)/2^6),2)*64+MOD(INT(MOD(INT(((4294967295-D9))/1),256)/2^7),2)*MOD(INT(MOD(INT((F9)/1),256)/2^7),2)*128)*1+(MOD(INT(MOD(INT(((4294967295-D9))/256),256)/2^0),2)*MOD(INT(MOD(INT((F9)/256),256)/2^0),2)*1+MOD(INT(MOD(INT(((4294967295-D9))/256),256)/2^1),2)*MOD(INT(MOD(INT((F9)/256),256)/2^1),2)*2+MOD(INT(MOD(INT(((4294967295-D9))/256),256)/2^2),2)*MOD(INT(MOD(INT((F9)/256),256)/2^2),2)*4+MOD(INT(MOD(INT(((4294967295-D9))/256),256)/2^3),2)*MOD(INT(MOD(INT((F9)/256),256)/2^3),2)*8+MOD(INT(MOD(INT(((4294967295-D9))/256),256)/2^4),2)*MOD(INT(MOD(INT((F9)/256),256)/2^4),2)*16+MOD(INT(MOD(INT(((4294967295-D9))/256),256)/2^5),2)*MOD(INT(MOD(INT((F9)/256),256)/2^5),2)*32+MOD(INT(MOD(INT(((4294967295-D9))/256),256)/2^6),2)*MOD(INT(MOD(INT((F9)/256),256)/2^6),2)*64+MOD(INT(MOD(INT(((4294967295-D9))/256),256)/2^7),2)*MOD(INT(MOD(INT((F9)/256),256)/2^7),2)*128)*256+(MOD(INT(MOD(INT(((4294967295-D9))/65536),256)/2^0),2)*MOD(INT(MOD(INT((F9)/65536),256)/2^0),2)*1+MOD(INT(MOD(INT(((4294967295-D9))/65536),256)/2^1),2)*MOD(INT(MOD(INT((F9)/65536),256)/2^1),2)*2+MOD(INT(MOD(INT(((4294967295-D9))/65536),256)/2^2),2)*MOD(INT(MOD(INT((F9)/65536),256)/2^2),2)*4+MOD(INT(MOD(INT(((4294967295-D9))/65536),256)/2^3),2)*MOD(INT(MOD(INT((F9)/65536),256)/2^3),2)*8+MOD(INT(MOD(INT(((4294967295-D9))/65536),256)/2^4),2)*MOD(INT(MOD(INT((F9)/65536),256)/2^4),2)*16+MOD(INT(MOD(INT(((4294967295-D9))/65536),256)/2^5),2)*MOD(INT(MOD(INT((F9)/65536),256)/2^5),2)*32+MOD(INT(MOD(INT(((4294967295-D9))/65536),256)/2^6),2)*MOD(INT(MOD(INT((F9)/65536),256)/2^6),2)*64+MOD(INT(MOD(INT(((4294967295-D9))/65536),256)/2^7),2)*MOD(INT(MOD(INT((F9)/65536),256)/2^7),2)*128)*65536+(MOD(INT(MOD(INT(((4294967295-D9))/16777216),256)/2^0),2)*MOD(INT(MOD(INT((F9)/16777216),256)/2^0),2)*1+MOD(INT(MOD(INT(((4294967295-D9))/16777216),256)/2^1),2)*MOD(INT(MOD(INT((F9)/16777216),256)/2^1),2)*2+MOD(INT(MOD(INT(((4294967295-D9))/16777216),256)/2^2),2)*MOD(INT(MOD(INT((F9)/16777216),256)/2^2),2)*4+MOD(INT(MOD(INT(((4294967295-D9))/16777216),256)/2^3),2)*MOD(INT(MOD(INT((F9)/16777216),256)/2^3),2)*8+MOD(INT(MOD(INT(((4294967295-D9))/16777216),256)/2^4),2)*MOD(INT(MOD(INT((F9)/16777216),256)/2^4),2)*16+MOD(INT(MOD(INT(((4294967295-D9))/16777216),256)/2^5),2)*MOD(INT(MOD(INT((F9)/16777216),256)/2^5),2)*32+MOD(INT(MOD(INT(((4294967295-D9))/16777216),256)/2^6),2)*MOD(INT(MOD(INT((F9)/16777216),256)/2^6),2)*64+MOD(INT(MOD(INT(((4294967295-D9))/16777216),256)/2^7),2)*MOD(INT(MOD(INT((F9)/16777216),256)/2^7),2)*128)*16777216) -> 5944 | I10: — | J10: =MOD(G10+H10,4294967296) -> 1611642 | K10: =(0)+(0)*256+(0)*65536+(0)*16777216 -> 0 | L10: ='📦 MD5 Constants'!C8 -> 4118548399 | M10: ='📦 MD5 Constants'!H8 -> 7 | N10: =MOD(C9+J10+K10+'📦 MD5 Constants'!C8,4294967296) -> 3504816723 | O10: =MOD(MOD(N10,2^25)*2^7+INT(N10/2^25),4294967296) -> 1939941864 | P10: =D10 -> 262009391 | Q10: op=5 g=M[4] shift=7
B11: 6 | C11: =F10 -> 605655266 | D11: =MOD(D10+O11,4294967296) -> 2575600242 | E11: =D10 -> 262009391 | F11: =E10 -> 2617034823 | G11: =((MOD(INT(MOD(INT((D10)/1),256)/2^0),2)*MOD(INT(MOD(INT((E10)/1),256)/2^0),2)*1+MOD(INT(MOD(INT((D10)/1),256)/2^1),2)*MOD(INT(MOD(INT((E10)/1),256)/2^1),2)*2+MOD(INT(MOD(INT((D10)/1),256)/2^2),2)*MOD(INT(MOD(INT((E10)/1),256)/2^2),2)*4+MOD(INT(MOD(INT((D10)/1),256)/2^3),2)*MOD(INT(MOD(INT((E10)/1),256)/2^3),2)*8+MOD(INT(MOD(INT((D10)/1),256)/2^4),2)*MOD(INT(MOD(INT((E10)/1),256)/2^4),2)*16+MOD(INT(MOD(INT((D10)/1),256)/2^5),2)*MOD(INT(MOD(INT((E10)/1),256)/2^5),2)*32+MOD(INT(MOD(INT((D10)/1),256)/2^6),2)*MOD(INT(MOD(INT((E10)/1),256)/2^6),2)*64+MOD(INT(MOD(INT((D10)/1),256)/2^7),2)*MOD(INT(MOD(INT((E10)/1),256)/2^7),2)*128)*1+(MOD(INT(MOD(INT((D10)/256),256)/2^0),2)*MOD(INT(MOD(INT((E10)/256),256)/2^0),2)*1+MOD(INT(MOD(INT((D10)/256),256)/2^1),2)*MOD(INT(MOD(INT((E10)/256),256)/2^1),2)*2+MOD(INT(MOD(INT((D10)/256),256)/2^2),2)*MOD(INT(MOD(INT((E10)/256),256)/2^2),2)*4+MOD(INT(MOD(INT((D10)/256),256)/2^3),2)*MOD(INT(MOD(INT((E10)/256),256)/2^3),2)*8+MOD(INT(MOD(INT((D10)/256),256)/2^4),2)*MOD(INT(MOD(INT((E10)/256),256)/2^4),2)*16+MOD(INT(MOD(INT((D10)/256),256)/2^5),2)*MOD(INT(MOD(INT((E10)/256),256)/2^5),2)*32+MOD(INT(MOD(INT((D10)/256),256)/2^6),2)*MOD(INT(MOD(INT((E10)/256),256)/2^6),2)*64+MOD(INT(MOD(INT((D10)/256),256)/2^7),2)*MOD(INT(MOD(INT((E10)/256),256)/2^7),2)*128)*256+(MOD(INT(MOD(INT((D10)/65536),256)/2^0),2)*MOD(INT(MOD(INT((E10)/65536),256)/2^0),2)*1+MOD(INT(MOD(INT((D10)/65536),256)/2^1),2)*MOD(INT(MOD(INT((E10)/65536),256)/2^1),2)*2+MOD(INT(MOD(INT((D10)/65536),256)/2^2),2)*MOD(INT(MOD(INT((E10)/65536),256)/2^2),2)*4+MOD(INT(MOD(INT((D10)/65536),256)/2^3),2)*MOD(INT(MOD(INT((E10)/65536),256)/2^3),2)*8+MOD(INT(MOD(INT((D10)/65536),256)/2^4),2)*MOD(INT(MOD(INT((E10)/65536),256)/2^4),2)*16+MOD(INT(MOD(INT((D10)/65536),256)/2^5),2)*MOD(INT(MOD(INT((E10)/65536),256)/2^5),2)*32+MOD(INT(MOD(INT((D10)/65536),256)/2^6),2)*MOD(INT(MOD(INT((E10)/65536),256)/2^6),2)*64+MOD(INT(MOD(INT((D10)/65536),256)/2^7),2)*MOD(INT(MOD(INT((E10)/65536),256)/2^7),2)*128)*65536+(MOD(INT(MOD(INT((D10)/16777216),256)/2^0),2)*MOD(INT(MOD(INT((E10)/16777216),256)/2^0),2)*1+MOD(INT(MOD(INT((D10)/16777216),256)/2^1),2)*MOD(INT(MOD(INT((E10)/16777216),256)/2^1),2)*2+MOD(INT(MOD(INT((D10)/16777216),256)/2^2),2)*MOD(INT(MOD(INT((E10)/16777216),256)/2^2),2)*4+MOD(INT(MOD(INT((D10)/16777216),256)/2^3),2)*MOD(INT(MOD(INT((E10)/16777216),256)/2^3),2)*8+MOD(INT(MOD(INT((D10)/16777216),256)/2^4),2)*MOD(INT(MOD(INT((E10)/16777216),256)/2^4),2)*16+MOD(INT(MOD(INT((D10)/16777216),256)/2^5),2)*MOD(INT(MOD(INT((E10)/16777216),256)/2^5),2)*32+MOD(INT(MOD(INT((D10)/16777216),256)/2^6),2)*MOD(INT(MOD(INT((E10)/16777216),256)/2^6),2)*64+MOD(INT(MOD(INT((D10)/16777216),256)/2^7),2)*MOD(INT(MOD(INT((E10)/16777216),256)/2^7),2)*128)*16777216) -> 194822151 | H11: =((MOD(INT(MOD(INT(((4294967295-D10))/1),256)/2^0),2)*MOD(INT(MOD(INT((F10)/1),256)/2^0),2)*1+MOD(INT(MOD(INT(((4294967295-D10))/1),256)/2^1),2)*MOD(INT(MOD(INT((F10)/1),256)/2^1),2)*2+MOD(INT(MOD(INT(((4294967295-D10))/1),256)/2^2),2)*MOD(INT(MOD(INT((F10)/1),256)/2^2),2)*4+MOD(INT(MOD(INT(((4294967295-D10))/1),256)/2^3),2)*MOD(INT(MOD(INT((F10)/1),256)/2^3),2)*8+MOD(INT(MOD(INT(((4294967295-D10))/1),256)/2^4),2)*MOD(INT(MOD(INT((F10)/1),256)/2^4),2)*16+MOD(INT(MOD(INT(((4294967295-D10))/1),256)/2^5),2)*MOD(INT(MOD(INT((F10)/1),256)/2^5),2)*32+MOD(INT(MOD(INT(((4294967295-D10))/1),256)/2^6),2)*MOD(INT(MOD(INT((F10)/1),256)/2^6),2)*64+MOD(INT(MOD(INT(((4294967295-D10))/1),256)/2^7),2)*MOD(INT(MOD(INT((F10)/1),256)/2^7),2)*128)*1+(MOD(INT(MOD(INT(((4294967295-D10))/256),256)/2^0),2)*MOD(INT(MOD(INT((F10)/256),256)/2^0),2)*1+MOD(INT(MOD(INT(((4294967295-D10))/256),256)/2^1),2)*MOD(INT(MOD(INT((F10)/256),256)/2^1),2)*2+MOD(INT(MOD(INT(((4294967295-D10))/256),256)/2^2),2)*MOD(INT(MOD(INT((F10)/256),256)/2^2),2)*4+MOD(INT(MOD(INT(((4294967295-D10))/256),256)/2^3),2)*MOD(INT(MOD(INT((F10)/256),256)/2^3),2)*8+MOD(INT(MOD(INT(((4294967295-D10))/256),256)/2^4),2)*MOD(INT(MOD(INT((F10)/256),256)/2^4),2)*16+MOD(INT(MOD(INT(((4294967295-D10))/256),256)/2^5),2)*MOD(INT(MOD(INT((F10)/256),256)/2^5),2)*32+MOD(INT(MOD(INT(((4294967295-D10))/256),256)/2^6),2)*MOD(INT(MOD(INT((F10)/256),256)/2^6),2)*64+MOD(INT(MOD(INT(((4294967295-D10))/256),256)/2^7),2)*MOD(INT(MOD(INT((F10)/256),256)/2^7),2)*128)*256+(MOD(INT(MOD(INT(((4294967295-D10))/65536),256)/2^0),2)*MOD(INT(MOD(INT((F10)/65536),256)/2^0),2)*1+MOD(INT(MOD(INT(((4294967295-D10))/65536),256)/2^1),2)*MOD(INT(MOD(INT((F10)/65536),256)/2^1),2)*2+MOD(INT(MOD(INT(((4294967295-D10))/65536),256)/2^2),2)*MOD(INT(MOD(INT((F10)/65536),256)/2^2),2)*4+MOD(INT(MOD(INT(((4294967295-D10))/65536),256)/2^3),2)*MOD(INT(MOD(INT((F10)/65536),256)/2^3),2)*8+MOD(INT(MOD(INT(((4294967295-D10))/65536),256)/2^4),2)*MOD(INT(MOD(INT((F10)/65536),256)/2^4),2)*16+MOD(INT(MOD(INT(((4294967295-D10))/65536),256)/2^5),2)*MOD(INT(MOD(INT((F10)/65536),256)/2^5),2)*32+MOD(INT(MOD(INT(((4294967295-D10))/65536),256)/2^6),2)*MOD(INT(MOD(INT((F10)/65536),256)/2^6),2)*64+MOD(INT(MOD(INT(((4294967295-D10))/65536),256)/2^7),2)*MOD(INT(MOD(INT((F10)/65536),256)/2^7),2)*128)*65536+(MOD(INT(MOD(INT(((4294967295-D10))/16777216),256)/2^0),2)*MOD(INT(MOD(INT((F10)/16777216),256)/2^0),2)*1+MOD(INT(MOD(INT(((4294967295-D10))/16777216),256)/2^1),2)*MOD(INT(MOD(INT((F10)/16777216),256)/2^1),2)*2+MOD(INT(MOD(INT(((4294967295-D10))/16777216),256)/2^2),2)*MOD(INT(MOD(INT((F10)/16777216),256)/2^2),2)*4+MOD(INT(MOD(INT(((4294967295-D10))/16777216),256)/2^3),2)*MOD(INT(MOD(INT((F10)/16777216),256)/2^3),2)*8+MOD(INT(MOD(INT(((4294967295-D10))/16777216),256)/2^4),2)*MOD(INT(MOD(INT((F10)/16777216),256)/2^4),2)*16+MOD(INT(MOD(INT(((4294967295-D10))/16777216),256)/2^5),2)*MOD(INT(MOD(INT((F10)/16777216),256)/2^5),2)*32+MOD(INT(MOD(INT(((4294967295-D10))/16777216),256)/2^6),2)*MOD(INT(MOD(INT((F10)/16777216),256)/2^6),2)*64+MOD(INT(MOD(INT(((4294967295-D10))/16777216),256)/2^7),2)*MOD(INT(MOD(INT((F10)/16777216),256)/2^7),2)*128)*16777216) -> 536871104 | I11: — | J11: =MOD(G11+H11,4294967296) -> 731693255 | K11: =(0)+(0)*256+(0)*65536+(0)*16777216 -> 0 | L11: ='📦 MD5 Constants'!C9 -> 1200080426 | M11: ='📦 MD5 Constants'!H9 -> 12 | N11: =MOD(C10+J11+K11+'📦 MD5 Constants'!C9,4294967296) -> 2218303081 | O11: =MOD(MOD(N11,2^20)*2^12+INT(N11/2^20),4294967296) -> 2313590851 | P11: =D11 -> 2575600242 | Q11: op=6 g=M[5] shift=12
B12: 7 | C12: =F11 -> 2617034823 | D12: =MOD(D11+O12,4294967296) -> 3418241791 | E12: =D11 -> 2575600242 | F12: =E11 -> 262009391 | G12: =((MOD(INT(MOD(INT((D11)/1),256)/2^0),2)*MOD(INT(MOD(INT((E11)/1),256)/2^0),2)*1+MOD(INT(MOD(INT((D11)/1),256)/2^1),2)*MOD(INT(MOD(INT((E11)/1),256)/2^1),2)*2+MOD(INT(MOD(INT((D11)/1),256)/2^2),2)*MOD(INT(MOD(INT((E11)/1),256)/2^2),2)*4+MOD(INT(MOD(INT((D11)/1),256)/2^3),2)*MOD(INT(MOD(INT((E11)/1),256)/2^3),2)*8+MOD(INT(MOD(INT((D11)/1),256)/2^4),2)*MOD(INT(MOD(INT((E11)/1),256)/2^4),2)*16+MOD(INT(MOD(INT((D11)/1),256)/2^5),2)*MOD(INT(MOD(INT((E11)/1),256)/2^5),2)*32+MOD(INT(MOD(INT((D11)/1),256)/2^6),2)*MOD(INT(MOD(INT((E11)/1),256)/2^6),2)*64+MOD(INT(MOD(INT((D11)/1),256)/2^7),2)*MOD(INT(MOD(INT((E11)/1),256)/2^7),2)*128)*1+(MOD(INT(MOD(INT((D11)/256),256)/2^0),2)*MOD(INT(MOD(INT((E11)/256),256)/2^0),2)*1+MOD(INT(MOD(INT((D11)/256),256)/2^1),2)*MOD(INT(MOD(INT((E11)/256),256)/2^1),2)*2+MOD(INT(MOD(INT((D11)/256),256)/2^2),2)*MOD(INT(MOD(INT((E11)/256),256)/2^2),2)*4+MOD(INT(MOD(INT((D11)/256),256)/2^3),2)*MOD(INT(MOD(INT((E11)/256),256)/2^3),2)*8+MOD(INT(MOD(INT((D11)/256),256)/2^4),2)*MOD(INT(MOD(INT((E11)/256),256)/2^4),2)*16+MOD(INT(MOD(INT((D11)/256),256)/2^5),2)*MOD(INT(MOD(INT((E11)/256),256)/2^5),2)*32+MOD(INT(MOD(INT((D11)/256),256)/2^6),2)*MOD(INT(MOD(INT((E11)/256),256)/2^6),2)*64+MOD(INT(MOD(INT((D11)/256),256)/2^7),2)*MOD(INT(MOD(INT((E11)/256),256)/2^7),2)*128)*256+(MOD(INT(MOD(INT((D11)/65536),256)/2^0),2)*MOD(INT(MOD(INT((E11)/65536),256)/2^0),2)*1+MOD(INT(MOD(INT((D11)/65536),256)/2^1),2)*MOD(INT(MOD(INT((E11)/65536),256)/2^1),2)*2+MOD(INT(MOD(INT((D11)/65536),256)/2^2),2)*MOD(INT(MOD(INT((E11)/65536),256)/2^2),2)*4+MOD(INT(MOD(INT((D11)/65536),256)/2^3),2)*MOD(INT(MOD(INT((E11)/65536),256)/2^3),2)*8+MOD(INT(MOD(INT((D11)/65536),256)/2^4),2)*MOD(INT(MOD(INT((E11)/65536),256)/2^4),2)*16+MOD(INT(MOD(INT((D11)/65536),256)/2^5),2)*MOD(INT(MOD(INT((E11)/65536),256)/2^5),2)*32+MOD(INT(MOD(INT((D11)/65536),256)/2^6),2)*MOD(INT(MOD(INT((E11)/65536),256)/2^6),2)*64+MOD(INT(MOD(INT((D11)/65536),256)/2^7),2)*MOD(INT(MOD(INT((E11)/65536),256)/2^7),2)*128)*65536+(MOD(INT(MOD(INT((D11)/16777216),256)/2^0),2)*MOD(INT(MOD(INT((E11)/16777216),256)/2^0),2)*1+MOD(INT(MOD(INT((D11)/16777216),256)/2^1),2)*MOD(INT(MOD(INT((E11)/16777216),256)/2^1),2)*2+MOD(INT(MOD(INT((D11)/16777216),256)/2^2),2)*MOD(INT(MOD(INT((E11)/16777216),256)/2^2),2)*4+MOD(INT(MOD(INT((D11)/16777216),256)/2^3),2)*MOD(INT(MOD(INT((E11)/16777216),256)/2^3),2)*8+MOD(INT(MOD(INT((D11)/16777216),256)/2^4),2)*MOD(INT(MOD(INT((E11)/16777216),256)/2^4),2)*16+MOD(INT(MOD(INT((D11)/16777216),256)/2^5),2)*MOD(INT(MOD(INT((E11)/16777216),256)/2^5),2)*32+MOD(INT(MOD(INT((D11)/16777216),256)/2^6),2)*MOD(INT(MOD(INT((E11)/16777216),256)/2^6),2)*64+MOD(INT(MOD(INT((D11)/16777216),256)/2^7),2)*MOD(INT(MOD(INT((E11)/16777216),256)/2^7),2)*128)*16777216) -> 159679010 | H12: =((MOD(INT(MOD(INT(((4294967295-D11))/1),256)/2^0),2)*MOD(INT(MOD(INT((F11)/1),256)/2^0),2)*1+MOD(INT(MOD(INT(((4294967295-D11))/1),256)/2^1),2)*MOD(INT(MOD(INT((F11)/1),256)/2^1),2)*2+MOD(INT(MOD(INT(((4294967295-D11))/1),256)/2^2),2)*MOD(INT(MOD(INT((F11)/1),256)/2^2),2)*4+MOD(INT(MOD(INT(((4294967295-D11))/1),256)/2^3),2)*MOD(INT(MOD(INT((F11)/1),256)/2^3),2)*8+MOD(INT(MOD(INT(((4294967295-D11))/1),256)/2^4),2)*MOD(INT(MOD(INT((F11)/1),256)/2^4),2)*16+MOD(INT(MOD(INT(((4294967295-D11))/1),256)/2^5),2)*MOD(INT(MOD(INT((F11)/1),256)/2^5),2)*32+MOD(INT(MOD(INT(((4294967295-D11))/1),256)/2^6),2)*MOD(INT(MOD(INT((F11)/1),256)/2^6),2)*64+MOD(INT(MOD(INT(((4294967295-D11))/1),256)/2^7),2)*MOD(INT(MOD(INT((F11)/1),256)/2^7),2)*128)*1+(MOD(INT(MOD(INT(((4294967295-D11))/256),256)/2^0),2)*MOD(INT(MOD(INT((F11)/256),256)/2^0),2)*1+MOD(INT(MOD(INT(((4294967295-D11))/256),256)/2^1),2)*MOD(INT(MOD(INT((F11)/256),256)/2^1),2)*2+MOD(INT(MOD(INT(((4294967295-D11))/256),256)/2^2),2)*MOD(INT(MOD(INT((F11)/256),256)/2^2),2)*4+MOD(INT(MOD(INT(((4294967295-D11))/256),256)/2^3),2)*MOD(INT(MOD(INT((F11)/256),256)/2^3),2)*8+MOD(INT(MOD(INT(((4294967295-D11))/256),256)/2^4),2)*MOD(INT(MOD(INT((F11)/256),256)/2^4),2)*16+MOD(INT(MOD(INT(((4294967295-D11))/256),256)/2^5),2)*MOD(INT(MOD(INT((F11)/256),256)/2^5),2)*32+MOD(INT(MOD(INT(((4294967295-D11))/256),256)/2^6),2)*MOD(INT(MOD(INT((F11)/256),256)/2^6),2)*64+MOD(INT(MOD(INT(((4294967295-D11))/256),256)/2^7),2)*MOD(INT(MOD(INT((F11)/256),256)/2^7),2)*128)*256+(MOD(INT(MOD(INT(((4294967295-D11))/65536),256)/2^0),2)*MOD(INT(MOD(INT((F11)/65536),256)/2^0),2)*1+MOD(INT(MOD(INT(((4294967295-D11))/65536),256)/2^1),2)*MOD(INT(MOD(INT((F11)/65536),256)/2^1),2)*2+MOD(INT(MOD(INT(((4294967295-D11))/65536),256)/2^2),2)*MOD(INT(MOD(INT((F11)/65536),256)/2^2),2)*4+MOD(INT(MOD(INT(((4294967295-D11))/65536),256)/2^3),2)*MOD(INT(MOD(INT((F11)/65536),256)/2^3),2)*8+MOD(INT(MOD(INT(((4294967295-D11))/65536),256)/2^4),2)*MOD(INT(MOD(INT((F11)/65536),256)/2^4),2)*16+MOD(INT(MOD(INT(((4294967295-D11))/65536),256)/2^5),2)*MOD(INT(MOD(INT((F11)/65536),256)/2^5),2)*32+MOD(INT(MOD(INT(((4294967295-D11))/65536),256)/2^6),2)*MOD(INT(MOD(INT((F11)/65536),256)/2^6),2)*64+MOD(INT(MOD(INT(((4294967295-D11))/65536),256)/2^7),2)*MOD(INT(MOD(INT((F11)/65536),256)/2^7),2)*128)*65536+(MOD(INT(MOD(INT(((4294967295-D11))/16777216),256)/2^0),2)*MOD(INT(MOD(INT((F11)/16777216),256)/2^0),2)*1+MOD(INT(MOD(INT(((4294967295-D11))/16777216),256)/2^1),2)*MOD(INT(MOD(INT((F11)/16777216),256)/2^1),2)*2+MOD(INT(MOD(INT(((4294967295-D11))/16777216),256)/2^2),2)*MOD(INT(MOD(INT((F11)/16777216),256)/2^2),2)*4+MOD(INT(MOD(INT(((4294967295-D11))/16777216),256)/2^3),2)*MOD(INT(MOD(INT((F11)/16777216),256)/2^3),2)*8+MOD(INT(MOD(INT(((4294967295-D11))/16777216),256)/2^4),2)*MOD(INT(MOD(INT((F11)/16777216),256)/2^4),2)*16+MOD(INT(MOD(INT(((4294967295-D11))/16777216),256)/2^5),2)*MOD(INT(MOD(INT((F11)/16777216),256)/2^5),2)*32+MOD(INT(MOD(INT(((4294967295-D11))/16777216),256)/2^6),2)*MOD(INT(MOD(INT((F11)/16777216),256)/2^6),2)*64+MOD(INT(MOD(INT(((4294967295-D11))/16777216),256)/2^7),2)*MOD(INT(MOD(INT((F11)/16777216),256)/2^7),2)*128)*16777216) -> 41435141 | I12: — | J12: =MOD(G12+H12,4294967296) -> 201114151 | K12: =(0)+(0)*256+(0)*65536+(0)*16777216 -> 0 | L12: ='📦 MD5 Constants'!C10 -> 2821735955 | M12: ='📦 MD5 Constants'!H10 -> 17 | N12: =MOD(C11+J12+K12+'📦 MD5 Constants'!C10,4294967296) -> 3628505372 | O12: =MOD(MOD(N12,2^15)*2^17+INT(N12/2^15),4294967296) -> 842641549 | P12: =D12 -> 3418241791 | Q12: op=7 g=M[6] shift=17
B13: 8 | C13: =F12 -> 262009391 | D13: =MOD(D12+O13,4294967296) -> 3125275976 | E13: =D12 -> 3418241791 | F13: =E12 -> 2575600242 | G13: =((MOD(INT(MOD(INT((D12)/1),256)/2^0),2)*MOD(INT(MOD(INT((E12)/1),256)/2^0),2)*1+MOD(INT(MOD(INT((D12)/1),256)/2^1),2)*MOD(INT(MOD(INT((E12)/1),256)/2^1),2)*2+MOD(INT(MOD(INT((D12)/1),256)/2^2),2)*MOD(INT(MOD(INT((E12)/1),256)/2^2),2)*4+MOD(INT(MOD(INT((D12)/1),256)/2^3),2)*MOD(INT(MOD(INT((E12)/1),256)/2^3),2)*8+MOD(INT(MOD(INT((D12)/1),256)/2^4),2)*MOD(INT(MOD(INT((E12)/1),256)/2^4),2)*16+MOD(INT(MOD(INT((D12)/1),256)/2^5),2)*MOD(INT(MOD(INT((E12)/1),256)/2^5),2)*32+MOD(INT(MOD(INT((D12)/1),256)/2^6),2)*MOD(INT(MOD(INT((E12)/1),256)/2^6),2)*64+MOD(INT(MOD(INT((D12)/1),256)/2^7),2)*MOD(INT(MOD(INT((E12)/1),256)/2^7),2)*128)*1+(MOD(INT(MOD(INT((D12)/256),256)/2^0),2)*MOD(INT(MOD(INT((E12)/256),256)/2^0),2)*1+MOD(INT(MOD(INT((D12)/256),256)/2^1),2)*MOD(INT(MOD(INT((E12)/256),256)/2^1),2)*2+MOD(INT(MOD(INT((D12)/256),256)/2^2),2)*MOD(INT(MOD(INT((E12)/256),256)/2^2),2)*4+MOD(INT(MOD(INT((D12)/256),256)/2^3),2)*MOD(INT(MOD(INT((E12)/256),256)/2^3),2)*8+MOD(INT(MOD(INT((D12)/256),256)/2^4),2)*MOD(INT(MOD(INT((E12)/256),256)/2^4),2)*16+MOD(INT(MOD(INT((D12)/256),256)/2^5),2)*MOD(INT(MOD(INT((E12)/256),256)/2^5),2)*32+MOD(INT(MOD(INT((D12)/256),256)/2^6),2)*MOD(INT(MOD(INT((E12)/256),256)/2^6),2)*64+MOD(INT(MOD(INT((D12)/256),256)/2^7),2)*MOD(INT(MOD(INT((E12)/256),256)/2^7),2)*128)*256+(MOD(INT(MOD(INT((D12)/65536),256)/2^0),2)*MOD(INT(MOD(INT((E12)/65536),256)/2^0),2)*1+MOD(INT(MOD(INT((D12)/65536),256)/2^1),2)*MOD(INT(MOD(INT((E12)/65536),256)/2^1),2)*2+MOD(INT(MOD(INT((D12)/65536),256)/2^2),2)*MOD(INT(MOD(INT((E12)/65536),256)/2^2),2)*4+MOD(INT(MOD(INT((D12)/65536),256)/2^3),2)*MOD(INT(MOD(INT((E12)/65536),256)/2^3),2)*8+MOD(INT(MOD(INT((D12)/65536),256)/2^4),2)*MOD(INT(MOD(INT((E12)/65536),256)/2^4),2)*16+MOD(INT(MOD(INT((D12)/65536),256)/2^5),2)*MOD(INT(MOD(INT((E12)/65536),256)/2^5),2)*32+MOD(INT(MOD(INT((D12)/65536),256)/2^6),2)*MOD(INT(MOD(INT((E12)/65536),256)/2^6),2)*64+MOD(INT(MOD(INT((D12)/65536),256)/2^7),2)*MOD(INT(MOD(INT((E12)/65536),256)/2^7),2)*128)*65536+(MOD(INT(MOD(INT((D12)/16777216),256)/2^0),2)*MOD(INT(MOD(INT((E12)/16777216),256)/2^0),2)*1+MOD(INT(MOD(INT((D12)/16777216),256)/2^1),2)*MOD(INT(MOD(INT((E12)/16777216),256)/2^1),2)*2+MOD(INT(MOD(INT((D12)/16777216),256)/2^2),2)*MOD(INT(MOD(INT((E12)/16777216),256)/2^2),2)*4+MOD(INT(MOD(INT((D12)/16777216),256)/2^3),2)*MOD(INT(MOD(INT((E12)/16777216),256)/2^3),2)*8+MOD(INT(MOD(INT((D12)/16777216),256)/2^4),2)*MOD(INT(MOD(INT((E12)/16777216),256)/2^4),2)*16+MOD(INT(MOD(INT((D12)/16777216),256)/2^5),2)*MOD(INT(MOD(INT((E12)/16777216),256)/2^5),2)*32+MOD(INT(MOD(INT((D12)/16777216),256)/2^6),2)*MOD(INT(MOD(INT((E12)/16777216),256)/2^6),2)*64+MOD(INT(MOD(INT((D12)/16777216),256)/2^7),2)*MOD(INT(MOD(INT((E12)/16777216),256)/2^7),2)*128)*16777216) -> 2307132018 | H13: =((MOD(INT(MOD(INT(((4294967295-D12))/1),256)/2^0),2)*MOD(INT(MOD(INT((F12)/1),256)/2^0),2)*1+MOD(INT(MOD(INT(((4294967295-D12))/1),256)/2^1),2)*MOD(INT(MOD(INT((F12)/1),256)/2^1),2)*2+MOD(INT(MOD(INT(((4294967295-D12))/1),256)/2^2),2)*MOD(INT(MOD(INT((F12)/1),256)/2^2),2)*4+MOD(INT(MOD(INT(((4294967295-D12))/1),256)/2^3),2)*MOD(INT(MOD(INT((F12)/1),256)/2^3),2)*8+MOD(INT(MOD(INT(((4294967295-D12))/1),256)/2^4),2)*MOD(INT(MOD(INT((F12)/1),256)/2^4),2)*16+MOD(INT(MOD(INT(((4294967295-D12))/1),256)/2^5),2)*MOD(INT(MOD(INT((F12)/1),256)/2^5),2)*32+MOD(INT(MOD(INT(((4294967295-D12))/1),256)/2^6),2)*MOD(INT(MOD(INT((F12)/1),256)/2^6),2)*64+MOD(INT(MOD(INT(((4294967295-D12))/1),256)/2^7),2)*MOD(INT(MOD(INT((F12)/1),256)/2^7),2)*128)*1+(MOD(INT(MOD(INT(((4294967295-D12))/256),256)/2^0),2)*MOD(INT(MOD(INT((F12)/256),256)/2^0),2)*1+MOD(INT(MOD(INT(((4294967295-D12))/256),256)/2^1),2)*MOD(INT(MOD(INT((F12)/256),256)/2^1),2)*2+MOD(INT(MOD(INT(((4294967295-D12))/256),256)/2^2),2)*MOD(INT(MOD(INT((F12)/256),256)/2^2),2)*4+MOD(INT(MOD(INT(((4294967295-D12))/256),256)/2^3),2)*MOD(INT(MOD(INT((F12)/256),256)/2^3),2)*8+MOD(INT(MOD(INT(((4294967295-D12))/256),256)/2^4),2)*MOD(INT(MOD(INT((F12)/256),256)/2^4),2)*16+MOD(INT(MOD(INT(((4294967295-D12))/256),256)/2^5),2)*MOD(INT(MOD(INT((F12)/256),256)/2^5),2)*32+MOD(INT(MOD(INT(((4294967295-D12))/256),256)/2^6),2)*MOD(INT(MOD(INT((F12)/256),256)/2^6),2)*64+MOD(INT(MOD(INT(((4294967295-D12))/256),256)/2^7),2)*MOD(INT(MOD(INT((F12)/256),256)/2^7),2)*128)*256+(MOD(INT(MOD(INT(((4294967295-D12))/65536),256)/2^0),2)*MOD(INT(MOD(INT((F12)/65536),256)/2^0),2)*1+MOD(INT(MOD(INT(((4294967295-D12))/65536),256)/2^1),2)*MOD(INT(MOD(INT((F12)/65536),256)/2^1),2)*2+MOD(INT(MOD(INT(((4294967295-D12))/65536),256)/2^2),2)*MOD(INT(MOD(INT((F12)/65536),256)/2^2),2)*4+MOD(INT(MOD(INT(((4294967295-D12))/65536),256)/2^3),2)*MOD(INT(MOD(INT((F12)/65536),256)/2^3),2)*8+MOD(INT(MOD(INT(((4294967295-D12))/65536),256)/2^4),2)*MOD(INT(MOD(INT((F12)/65536),256)/2^4),2)*16+MOD(INT(MOD(INT(((4294967295-D12))/65536),256)/2^5),2)*MOD(INT(MOD(INT((F12)/65536),256)/2^5),2)*32+MOD(INT(MOD(INT(((4294967295-D12))/65536),256)/2^6),2)*MOD(INT(MOD(INT((F12)/65536),256)/2^6),2)*64+MOD(INT(MOD(INT(((4294967295-D12))/65536),256)/2^7),2)*MOD(INT(MOD(INT((F12)/65536),256)/2^7),2)*128)*65536+(MOD(INT(MOD(INT(((4294967295-D12))/16777216),256)/2^0),2)*MOD(INT(MOD(INT((F12)/16777216),256)/2^0),2)*1+MOD(INT(MOD(INT(((4294967295-D12))/16777216),256)/2^1),2)*MOD(INT(MOD(INT((F12)/16777216),256)/2^1),2)*2+MOD(INT(MOD(INT(((4294967295-D12))/16777216),256)/2^2),2)*MOD(INT(MOD(INT((F12)/16777216),256)/2^2),2)*4+MOD(INT(MOD(INT(((4294967295-D12))/16777216),256)/2^3),2)*MOD(INT(MOD(INT((F12)/16777216),256)/2^3),2)*8+MOD(INT(MOD(INT(((4294967295-D12))/16777216),256)/2^4),2)*MOD(INT(MOD(INT((F12)/16777216),256)/2^4),2)*16+MOD(INT(MOD(INT(((4294967295-D12))/16777216),256)/2^5),2)*MOD(INT(MOD(INT((F12)/16777216),256)/2^5),2)*32+MOD(INT(MOD(INT(((4294967295-D12))/16777216),256)/2^6),2)*MOD(INT(MOD(INT((F12)/16777216),256)/2^6),2)*64+MOD(INT(MOD(INT(((4294967295-D12))/16777216),256)/2^7),2)*MOD(INT(MOD(INT((F12)/16777216),256)/2^7),2)*128)*16777216) -> 67223552 | I13: — | J13: =MOD(G13+H13,4294967296) -> 2374355570 | K13: =(0)+(0)*256+(0)*65536+(0)*16777216 -> 0 | L13: ='📦 MD5 Constants'!C11 -> 4249261313 | M13: ='📦 MD5 Constants'!H11 -> 22 | N13: =MOD(C12+J13+K13+'📦 MD5 Constants'!C11,4294967296) -> 650717114 | O13: =MOD(MOD(N13,2^10)*2^22+INT(N13/2^10),4294967296) -> 4002001481 | P13: =D13 -> 3125275976 | Q13: op=8 g=M[7] shift=22
B14: 9 | C14: =F13 -> 2575600242 | D14: =MOD(D13+O14,4294967296) -> 211987914 | E14: =D13 -> 3125275976 | F14: =E13 -> 3418241791 | G14: =((MOD(INT(MOD(INT((D13)/1),256)/2^0),2)*MOD(INT(MOD(INT((E13)/1),256)/2^0),2)*1+MOD(INT(MOD(INT((D13)/1),256)/2^1),2)*MOD(INT(MOD(INT((E13)/1),256)/2^1),2)*2+MOD(INT(MOD(INT((D13)/1),256)/2^2),2)*MOD(INT(MOD(INT((E13)/1),256)/2^2),2)*4+MOD(INT(MOD(INT((D13)/1),256)/2^3),2)*MOD(INT(MOD(INT((E13)/1),256)/2^3),2)*8+MOD(INT(MOD(INT((D13)/1),256)/2^4),2)*MOD(INT(MOD(INT((E13)/1),256)/2^4),2)*16+MOD(INT(MOD(INT((D13)/1),256)/2^5),2)*MOD(INT(MOD(INT((E13)/1),256)/2^5),2)*32+MOD(INT(MOD(INT((D13)/1),256)/2^6),2)*MOD(INT(MOD(INT((E13)/1),256)/2^6),2)*64+MOD(INT(MOD(INT((D13)/1),256)/2^7),2)*MOD(INT(MOD(INT((E13)/1),256)/2^7),2)*128)*1+(MOD(INT(MOD(INT((D13)/256),256)/2^0),2)*MOD(INT(MOD(INT((E13)/256),256)/2^0),2)*1+MOD(INT(MOD(INT((D13)/256),256)/2^1),2)*MOD(INT(MOD(INT((E13)/256),256)/2^1),2)*2+MOD(INT(MOD(INT((D13)/256),256)/2^2),2)*MOD(INT(MOD(INT((E13)/256),256)/2^2),2)*4+MOD(INT(MOD(INT((D13)/256),256)/2^3),2)*MOD(INT(MOD(INT((E13)/256),256)/2^3),2)*8+MOD(INT(MOD(INT((D13)/256),256)/2^4),2)*MOD(INT(MOD(INT((E13)/256),256)/2^4),2)*16+MOD(INT(MOD(INT((D13)/256),256)/2^5),2)*MOD(INT(MOD(INT((E13)/256),256)/2^5),2)*32+MOD(INT(MOD(INT((D13)/256),256)/2^6),2)*MOD(INT(MOD(INT((E13)/256),256)/2^6),2)*64+MOD(INT(MOD(INT((D13)/256),256)/2^7),2)*MOD(INT(MOD(INT((E13)/256),256)/2^7),2)*128)*256+(MOD(INT(MOD(INT((D13)/65536),256)/2^0),2)*MOD(INT(MOD(INT((E13)/65536),256)/2^0),2)*1+MOD(INT(MOD(INT((D13)/65536),256)/2^1),2)*MOD(INT(MOD(INT((E13)/65536),256)/2^1),2)*2+MOD(INT(MOD(INT((D13)/65536),256)/2^2),2)*MOD(INT(MOD(INT((E13)/65536),256)/2^2),2)*4+MOD(INT(MOD(INT((D13)/65536),256)/2^3),2)*MOD(INT(MOD(INT((E13)/65536),256)/2^3),2)*8+MOD(INT(MOD(INT((D13)/65536),256)/2^4),2)*MOD(INT(MOD(INT((E13)/65536),256)/2^4),2)*16+MOD(INT(MOD(INT((D13)/65536),256)/2^5),2)*MOD(INT(MOD(INT((E13)/65536),256)/2^5),2)*32+MOD(INT(MOD(INT((D13)/65536),256)/2^6),2)*MOD(INT(MOD(INT((E13)/65536),256)/2^6),2)*64+MOD(INT(MOD(INT((D13)/65536),256)/2^7),2)*MOD(INT(MOD(INT((E13)/65536),256)/2^7),2)*128)*65536+(MOD(INT(MOD(INT((D13)/16777216),256)/2^0),2)*MOD(INT(MOD(INT((E13)/16777216),256)/2^0),2)*1+MOD(INT(MOD(INT((D13)/16777216),256)/2^1),2)*MOD(INT(MOD(INT((E13)/16777216),256)/2^1),2)*2+MOD(INT(MOD(INT((D13)/16777216),256)/2^2),2)*MOD(INT(MOD(INT((E13)/16777216),256)/2^2),2)*4+MOD(INT(MOD(INT((D13)/16777216),256)/2^3),2)*MOD(INT(MOD(INT((E13)/16777216),256)/2^3),2)*8+MOD(INT(MOD(INT((D13)/16777216),256)/2^4),2)*MOD(INT(MOD(INT((E13)/16777216),256)/2^4),2)*16+MOD(INT(MOD(INT((D13)/16777216),256)/2^5),2)*MOD(INT(MOD(INT((E13)/16777216),256)/2^5),2)*32+MOD(INT(MOD(INT((D13)/16777216),256)/2^6),2)*MOD(INT(MOD(INT((E13)/16777216),256)/2^6),2)*64+MOD(INT(MOD(INT((D13)/16777216),256)/2^7),2)*MOD(INT(MOD(INT((E13)/16777216),256)/2^7),2)*128)*16777216) -> 2315659336 | H14: =((MOD(INT(MOD(INT(((4294967295-D13))/1),256)/2^0),2)*MOD(INT(MOD(INT((F13)/1),256)/2^0),2)*1+MOD(INT(MOD(INT(((4294967295-D13))/1),256)/2^1),2)*MOD(INT(MOD(INT((F13)/1),256)/2^1),2)*2+MOD(INT(MOD(INT(((4294967295-D13))/1),256)/2^2),2)*MOD(INT(MOD(INT((F13)/1),256)/2^2),2)*4+MOD(INT(MOD(INT(((4294967295-D13))/1),256)/2^3),2)*MOD(INT(MOD(INT((F13)/1),256)/2^3),2)*8+MOD(INT(MOD(INT(((4294967295-D13))/1),256)/2^4),2)*MOD(INT(MOD(INT((F13)/1),256)/2^4),2)*16+MOD(INT(MOD(INT(((4294967295-D13))/1),256)/2^5),2)*MOD(INT(MOD(INT((F13)/1),256)/2^5),2)*32+MOD(INT(MOD(INT(((4294967295-D13))/1),256)/2^6),2)*MOD(INT(MOD(INT((F13)/1),256)/2^6),2)*64+MOD(INT(MOD(INT(((4294967295-D13))/1),256)/2^7),2)*MOD(INT(MOD(INT((F13)/1),256)/2^7),2)*128)*1+(MOD(INT(MOD(INT(((4294967295-D13))/256),256)/2^0),2)*MOD(INT(MOD(INT((F13)/256),256)/2^0),2)*1+MOD(INT(MOD(INT(((4294967295-D13))/256),256)/2^1),2)*MOD(INT(MOD(INT((F13)/256),256)/2^1),2)*2+MOD(INT(MOD(INT(((4294967295-D13))/256),256)/2^2),2)*MOD(INT(MOD(INT((F13)/256),256)/2^2),2)*4+MOD(INT(MOD(INT(((4294967295-D13))/256),256)/2^3),2)*MOD(INT(MOD(INT((F13)/256),256)/2^3),2)*8+MOD(INT(MOD(INT(((4294967295-D13))/256),256)/2^4),2)*MOD(INT(MOD(INT((F13)/256),256)/2^4),2)*16+MOD(INT(MOD(INT(((4294967295-D13))/256),256)/2^5),2)*MOD(INT(MOD(INT((F13)/256),256)/2^5),2)*32+MOD(INT(MOD(INT(((4294967295-D13))/256),256)/2^6),2)*MOD(INT(MOD(INT((F13)/256),256)/2^6),2)*64+MOD(INT(MOD(INT(((4294967295-D13))/256),256)/2^7),2)*MOD(INT(MOD(INT((F13)/256),256)/2^7),2)*128)*256+(MOD(INT(MOD(INT(((4294967295-D13))/65536),256)/2^0),2)*MOD(INT(MOD(INT((F13)/65536),256)/2^0),2)*1+MOD(INT(MOD(INT(((4294967295-D13))/65536),256)/2^1),2)*MOD(INT(MOD(INT((F13)/65536),256)/2^1),2)*2+MOD(INT(MOD(INT(((4294967295-D13))/65536),256)/2^2),2)*MOD(INT(MOD(INT((F13)/65536),256)/2^2),2)*4+MOD(INT(MOD(INT(((4294967295-D13))/65536),256)/2^3),2)*MOD(INT(MOD(INT((F13)/65536),256)/2^3),2)*8+MOD(INT(MOD(INT(((4294967295-D13))/65536),256)/2^4),2)*MOD(INT(MOD(INT((F13)/65536),256)/2^4),2)*16+MOD(INT(MOD(INT(((4294967295-D13))/65536),256)/2^5),2)*MOD(INT(MOD(INT((F13)/65536),256)/2^5),2)*32+MOD(INT(MOD(INT(((4294967295-D13))/65536),256)/2^6),2)*MOD(INT(MOD(INT((F13)/65536),256)/2^6),2)*64+MOD(INT(MOD(INT(((4294967295-D13))/65536),256)/2^7),2)*MOD(INT(MOD(INT((F13)/65536),256)/2^7),2)*128)*65536+(MOD(INT(MOD(INT(((4294967295-D13))/16777216),256)/2^0),2)*MOD(INT(MOD(INT((F13)/16777216),256)/2^0),2)*1+MOD(INT(MOD(INT(((4294967295-D13))/16777216),256)/2^1),2)*MOD(INT(MOD(INT((F13)/16777216),256)/2^1),2)*2+MOD(INT(MOD(INT(((4294967295-D13))/16777216),256)/2^2),2)*MOD(INT(MOD(INT((F13)/16777216),256)/2^2),2)*4+MOD(INT(MOD(INT(((4294967295-D13))/16777216),256)/2^3),2)*MOD(INT(MOD(INT((F13)/16777216),256)/2^3),2)*8+MOD(INT(MOD(INT(((4294967295-D13))/16777216),256)/2^4),2)*MOD(INT(MOD(INT((F13)/16777216),256)/2^4),2)*16+MOD(INT(MOD(INT(((4294967295-D13))/16777216),256)/2^5),2)*MOD(INT(MOD(INT((F13)/16777216),256)/2^5),2)*32+MOD(INT(MOD(INT(((4294967295-D13))/16777216),256)/2^6),2)*MOD(INT(MOD(INT((F13)/16777216),256)/2^6),2)*64+MOD(INT(MOD(INT(((4294967295-D13))/16777216),256)/2^7),2)*MOD(INT(MOD(INT((F13)/16777216),256)/2^7),2)*128)*16777216) -> 25166386 | I14: — | J14: =MOD(G14+H14,4294967296) -> 2340825722 | K14: =(0)+(0)*256+(0)*65536+(0)*16777216 -> 0 | L14: ='📦 MD5 Constants'!C12 -> 1770035416 | M14: ='📦 MD5 Constants'!H12 -> 7 | N14: =MOD(C13+J14+K14+'📦 MD5 Constants'!C12,4294967296) -> 77903233 | O14: =MOD(MOD(N14,2^25)*2^7+INT(N14/2^25),4294967296) -> 1381679234 | P14: =D14 -> 211987914 | Q14: op=9 g=M[8] shift=7
B15: 10 | C15: =F14 -> 3418241791 | D15: =MOD(D14+O15,4294967296) -> 2428280008 | E15: =D14 -> 211987914 | F15: =E14 -> 3125275976 | G15: =((MOD(INT(MOD(INT((D14)/1),256)/2^0),2)*MOD(INT(MOD(INT((E14)/1),256)/2^0),2)*1+MOD(INT(MOD(INT((D14)/1),256)/2^1),2)*MOD(INT(MOD(INT((E14)/1),256)/2^1),2)*2+MOD(INT(MOD(INT((D14)/1),256)/2^2),2)*MOD(INT(MOD(INT((E14)/1),256)/2^2),2)*4+MOD(INT(MOD(INT((D14)/1),256)/2^3),2)*MOD(INT(MOD(INT((E14)/1),256)/2^3),2)*8+MOD(INT(MOD(INT((D14)/1),256)/2^4),2)*MOD(INT(MOD(INT((E14)/1),256)/2^4),2)*16+MOD(INT(MOD(INT((D14)/1),256)/2^5),2)*MOD(INT(MOD(INT((E14)/1),256)/2^5),2)*32+MOD(INT(MOD(INT((D14)/1),256)/2^6),2)*MOD(INT(MOD(INT((E14)/1),256)/2^6),2)*64+MOD(INT(MOD(INT((D14)/1),256)/2^7),2)*MOD(INT(MOD(INT((E14)/1),256)/2^7),2)*128)*1+(MOD(INT(MOD(INT((D14)/256),256)/2^0),2)*MOD(INT(MOD(INT((E14)/256),256)/2^0),2)*1+MOD(INT(MOD(INT((D14)/256),256)/2^1),2)*MOD(INT(MOD(INT((E14)/256),256)/2^1),2)*2+MOD(INT(MOD(INT((D14)/256),256)/2^2),2)*MOD(INT(MOD(INT((E14)/256),256)/2^2),2)*4+MOD(INT(MOD(INT((D14)/256),256)/2^3),2)*MOD(INT(MOD(INT((E14)/256),256)/2^3),2)*8+MOD(INT(MOD(INT((D14)/256),256)/2^4),2)*MOD(INT(MOD(INT((E14)/256),256)/2^4),2)*16+MOD(INT(MOD(INT((D14)/256),256)/2^5),2)*MOD(INT(MOD(INT((E14)/256),256)/2^5),2)*32+MOD(INT(MOD(INT((D14)/256),256)/2^6),2)*MOD(INT(MOD(INT((E14)/256),256)/2^6),2)*64+MOD(INT(MOD(INT((D14)/256),256)/2^7),2)*MOD(INT(MOD(INT((E14)/256),256)/2^7),2)*128)*256+(MOD(INT(MOD(INT((D14)/65536),256)/2^0),2)*MOD(INT(MOD(INT((E14)/65536),256)/2^0),2)*1+MOD(INT(MOD(INT((D14)/65536),256)/2^1),2)*MOD(INT(MOD(INT((E14)/65536),256)/2^1),2)*2+MOD(INT(MOD(INT((D14)/65536),256)/2^2),2)*MOD(INT(MOD(INT((E14)/65536),256)/2^2),2)*4+MOD(INT(MOD(INT((D14)/65536),256)/2^3),2)*MOD(INT(MOD(INT((E14)/65536),256)/2^3),2)*8+MOD(INT(MOD(INT((D14)/65536),256)/2^4),2)*MOD(INT(MOD(INT((E14)/65536),256)/2^4),2)*16+MOD(INT(MOD(INT((D14)/65536),256)/2^5),2)*MOD(INT(MOD(INT((E14)/65536),256)/2^5),2)*32+MOD(INT(MOD(INT((D14)/65536),256)/2^6),2)*MOD(INT(MOD(INT((E14)/65536),256)/2^6),2)*64+MOD(INT(MOD(INT((D14)/65536),256)/2^7),2)*MOD(INT(MOD(INT((E14)/65536),256)/2^7),2)*128)*65536+(MOD(INT(MOD(INT((D14)/16777216),256)/2^0),2)*MOD(INT(MOD(INT((E14)/16777216),256)/2^0),2)*1+MOD(INT(MOD(INT((D14)/16777216),256)/2^1),2)*MOD(INT(MOD(INT((E14)/16777216),256)/2^1),2)*2+MOD(INT(MOD(INT((D14)/16777216),256)/2^2),2)*MOD(INT(MOD(INT((E14)/16777216),256)/2^2),2)*4+MOD(INT(MOD(INT((D14)/16777216),256)/2^3),2)*MOD(INT(MOD(INT((E14)/16777216),256)/2^3),2)*8+MOD(INT(MOD(INT((D14)/16777216),256)/2^4),2)*MOD(INT(MOD(INT((E14)/16777216),256)/2^4),2)*16+MOD(INT(MOD(INT((D14)/16777216),256)/2^5),2)*MOD(INT(MOD(INT((E14)/16777216),256)/2^5),2)*32+MOD(INT(MOD(INT((D14)/16777216),256)/2^6),2)*MOD(INT(MOD(INT((E14)/16777216),256)/2^6),2)*64+MOD(INT(MOD(INT((D14)/16777216),256)/2^7),2)*MOD(INT(MOD(INT((E14)/16777216),256)/2^7),2)*128)*16777216) -> 134393160 | H15: =((MOD(INT(MOD(INT(((4294967295-D14))/1),256)/2^0),2)*MOD(INT(MOD(INT((F14)/1),256)/2^0),2)*1+MOD(INT(MOD(INT(((4294967295-D14))/1),256)/2^1),2)*MOD(INT(MOD(INT((F14)/1),256)/2^1),2)*2+MOD(INT(MOD(INT(((4294967295-D14))/1),256)/2^2),2)*MOD(INT(MOD(INT((F14)/1),256)/2^2),2)*4+MOD(INT(MOD(INT(((4294967295-D14))/1),256)/2^3),2)*MOD(INT(MOD(INT((F14)/1),256)/2^3),2)*8+MOD(INT(MOD(INT(((4294967295-D14))/1),256)/2^4),2)*MOD(INT(MOD(INT((F14)/1),256)/2^4),2)*16+MOD(INT(MOD(INT(((4294967295-D14))/1),256)/2^5),2)*MOD(INT(MOD(INT((F14)/1),256)/2^5),2)*32+MOD(INT(MOD(INT(((4294967295-D14))/1),256)/2^6),2)*MOD(INT(MOD(INT((F14)/1),256)/2^6),2)*64+MOD(INT(MOD(INT(((4294967295-D14))/1),256)/2^7),2)*MOD(INT(MOD(INT((F14)/1),256)/2^7),2)*128)*1+(MOD(INT(MOD(INT(((4294967295-D14))/256),256)/2^0),2)*MOD(INT(MOD(INT((F14)/256),256)/2^0),2)*1+MOD(INT(MOD(INT(((4294967295-D14))/256),256)/2^1),2)*MOD(INT(MOD(INT((F14)/256),256)/2^1),2)*2+MOD(INT(MOD(INT(((4294967295-D14))/256),256)/2^2),2)*MOD(INT(MOD(INT((F14)/256),256)/2^2),2)*4+MOD(INT(MOD(INT(((4294967295-D14))/256),256)/2^3),2)*MOD(INT(MOD(INT((F14)/256),256)/2^3),2)*8+MOD(INT(MOD(INT(((4294967295-D14))/256),256)/2^4),2)*MOD(INT(MOD(INT((F14)/256),256)/2^4),2)*16+MOD(INT(MOD(INT(((4294967295-D14))/256),256)/2^5),2)*MOD(INT(MOD(INT((F14)/256),256)/2^5),2)*32+MOD(INT(MOD(INT(((4294967295-D14))/256),256)/2^6),2)*MOD(INT(MOD(INT((F14)/256),256)/2^6),2)*64+MOD(INT(MOD(INT(((4294967295-D14))/256),256)/2^7),2)*MOD(INT(MOD(INT((F14)/256),256)/2^7),2)*128)*256+(MOD(INT(MOD(INT(((4294967295-D14))/65536),256)/2^0),2)*MOD(INT(MOD(INT((F14)/65536),256)/2^0),2)*1+MOD(INT(MOD(INT(((4294967295-D14))/65536),256)/2^1),2)*MOD(INT(MOD(INT((F14)/65536),256)/2^1),2)*2+MOD(INT(MOD(INT(((4294967295-D14))/65536),256)/2^2),2)*MOD(INT(MOD(INT((F14)/65536),256)/2^2),2)*4+MOD(INT(MOD(INT(((4294967295-D14))/65536),256)/2^3),2)*MOD(INT(MOD(INT((F14)/65536),256)/2^3),2)*8+MOD(INT(MOD(INT(((4294967295-D14))/65536),256)/2^4),2)*MOD(INT(MOD(INT((F14)/65536),256)/2^4),2)*16+MOD(INT(MOD(INT(((4294967295-D14))/65536),256)/2^5),2)*MOD(INT(MOD(INT((F14)/65536),256)/2^5),2)*32+MOD(INT(MOD(INT(((4294967295-D14))/65536),256)/2^6),2)*MOD(INT(MOD(INT((F14)/65536),256)/2^6),2)*64+MOD(INT(MOD(INT(((4294967295-D14))/65536),256)/2^7),2)*MOD(INT(MOD(INT((F14)/65536),256)/2^7),2)*128)*65536+(MOD(INT(MOD(INT(((4294967295-D14))/16777216),256)/2^0),2)*MOD(INT(MOD(INT((F14)/16777216),256)/2^0),2)*1+MOD(INT(MOD(INT(((4294967295-D14))/16777216),256)/2^1),2)*MOD(INT(MOD(INT((F14)/16777216),256)/2^1),2)*2+MOD(INT(MOD(INT(((4294967295-D14))/16777216),256)/2^2),2)*MOD(INT(MOD(INT((F14)/16777216),256)/2^2),2)*4+MOD(INT(MOD(INT(((4294967295-D14))/16777216),256)/2^3),2)*MOD(INT(MOD(INT((F14)/16777216),256)/2^3),2)*8+MOD(INT(MOD(INT(((4294967295-D14))/16777216),256)/2^4),2)*MOD(INT(MOD(INT((F14)/16777216),256)/2^4),2)*16+MOD(INT(MOD(INT(((4294967295-D14))/16777216),256)/2^5),2)*MOD(INT(MOD(INT((F14)/16777216),256)/2^5),2)*32+MOD(INT(MOD(INT(((4294967295-D14))/16777216),256)/2^6),2)*MOD(INT(MOD(INT((F14)/16777216),256)/2^6),2)*64+MOD(INT(MOD(INT(((4294967295-D14))/16777216),256)/2^7),2)*MOD(INT(MOD(INT((F14)/16777216),256)/2^7),2)*128)*16777216) -> 3273396789 | I15: — | J15: =MOD(G15+H15,4294967296) -> 3407789949 | K15: =(0)+(0)*256+(0)*65536+(0)*16777216 -> 0 | L15: ='📦 MD5 Constants'!C13 -> 2336552879 | M15: ='📦 MD5 Constants'!H13 -> 12 | N15: =MOD(C14+J15+K15+'📦 MD5 Constants'!C13,4294967296) -> 4024975774 | O15: =MOD(MOD(N15,2^20)*2^12+INT(N15/2^20),4294967296) -> 2216292094 | P15: =D15 -> 2428280008 | Q15: op=10 g=M[9] shift=12
B16: 11 | C16: =F15 -> 3125275976 | D16: =MOD(D15+O16,4294967296) -> 2578352651 | E16: =D15 -> 2428280008 | F16: =E15 -> 211987914 | G16: =((MOD(INT(MOD(INT((D15)/1),256)/2^0),2)*MOD(INT(MOD(INT((E15)/1),256)/2^0),2)*1+MOD(INT(MOD(INT((D15)/1),256)/2^1),2)*MOD(INT(MOD(INT((E15)/1),256)/2^1),2)*2+MOD(INT(MOD(INT((D15)/1),256)/2^2),2)*MOD(INT(MOD(INT((E15)/1),256)/2^2),2)*4+MOD(INT(MOD(INT((D15)/1),256)/2^3),2)*MOD(INT(MOD(INT((E15)/1),256)/2^3),2)*8+MOD(INT(MOD(INT((D15)/1),256)/2^4),2)*MOD(INT(MOD(INT((E15)/1),256)/2^4),2)*16+MOD(INT(MOD(INT((D15)/1),256)/2^5),2)*MOD(INT(MOD(INT((E15)/1),256)/2^5),2)*32+MOD(INT(MOD(INT((D15)/1),256)/2^6),2)*MOD(INT(MOD(INT((E15)/1),256)/2^6),2)*64+MOD(INT(MOD(INT((D15)/1),256)/2^7),2)*MOD(INT(MOD(INT((E15)/1),256)/2^7),2)*128)*1+(MOD(INT(MOD(INT((D15)/256),256)/2^0),2)*MOD(INT(MOD(INT((E15)/256),256)/2^0),2)*1+MOD(INT(MOD(INT((D15)/256),256)/2^1),2)*MOD(INT(MOD(INT((E15)/256),256)/2^1),2)*2+MOD(INT(MOD(INT((D15)/256),256)/2^2),2)*MOD(INT(MOD(INT((E15)/256),256)/2^2),2)*4+MOD(INT(MOD(INT((D15)/256),256)/2^3),2)*MOD(INT(MOD(INT((E15)/256),256)/2^3),2)*8+MOD(INT(MOD(INT((D15)/256),256)/2^4),2)*MOD(INT(MOD(INT((E15)/256),256)/2^4),2)*16+MOD(INT(MOD(INT((D15)/256),256)/2^5),2)*MOD(INT(MOD(INT((E15)/256),256)/2^5),2)*32+MOD(INT(MOD(INT((D15)/256),256)/2^6),2)*MOD(INT(MOD(INT((E15)/256),256)/2^6),2)*64+MOD(INT(MOD(INT((D15)/256),256)/2^7),2)*MOD(INT(MOD(INT((E15)/256),256)/2^7),2)*128)*256+(MOD(INT(MOD(INT((D15)/65536),256)/2^0),2)*MOD(INT(MOD(INT((E15)/65536),256)/2^0),2)*1+MOD(INT(MOD(INT((D15)/65536),256)/2^1),2)*MOD(INT(MOD(INT((E15)/65536),256)/2^1),2)*2+MOD(INT(MOD(INT((D15)/65536),256)/2^2),2)*MOD(INT(MOD(INT((E15)/65536),256)/2^2),2)*4+MOD(INT(MOD(INT((D15)/65536),256)/2^3),2)*MOD(INT(MOD(INT((E15)/65536),256)/2^3),2)*8+MOD(INT(MOD(INT((D15)/65536),256)/2^4),2)*MOD(INT(MOD(INT((E15)/65536),256)/2^4),2)*16+MOD(INT(MOD(INT((D15)/65536),256)/2^5),2)*MOD(INT(MOD(INT((E15)/65536),256)/2^5),2)*32+MOD(INT(MOD(INT((D15)/65536),256)/2^6),2)*MOD(INT(MOD(INT((E15)/65536),256)/2^6),2)*64+MOD(INT(MOD(INT((D15)/65536),256)/2^7),2)*MOD(INT(MOD(INT((E15)/65536),256)/2^7),2)*128)*65536+(MOD(INT(MOD(INT((D15)/16777216),256)/2^0),2)*MOD(INT(MOD(INT((E15)/16777216),256)/2^0),2)*1+MOD(INT(MOD(INT((D15)/16777216),256)/2^1),2)*MOD(INT(MOD(INT((E15)/16777216),256)/2^1),2)*2+MOD(INT(MOD(INT((D15)/16777216),256)/2^2),2)*MOD(INT(MOD(INT((E15)/16777216),256)/2^2),2)*4+MOD(INT(MOD(INT((D15)/16777216),256)/2^3),2)*MOD(INT(MOD(INT((E15)/16777216),256)/2^3),2)*8+MOD(INT(MOD(INT((D15)/16777216),256)/2^4),2)*MOD(INT(MOD(INT((E15)/16777216),256)/2^4),2)*16+MOD(INT(MOD(INT((D15)/16777216),256)/2^5),2)*MOD(INT(MOD(INT((E15)/16777216),256)/2^5),2)*32+MOD(INT(MOD(INT((D15)/16777216),256)/2^6),2)*MOD(INT(MOD(INT((E15)/16777216),256)/2^6),2)*64+MOD(INT(MOD(INT((D15)/16777216),256)/2^7),2)*MOD(INT(MOD(INT((E15)/16777216),256)/2^7),2)*128)*16777216) -> 10521800 | H16: =((MOD(INT(MOD(INT(((4294967295-D15))/1),256)/2^0),2)*MOD(INT(MOD(INT((F15)/1),256)/2^0),2)*1+MOD(INT(MOD(INT(((4294967295-D15))/1),256)/2^1),2)*MOD(INT(MOD(INT((F15)/1),256)/2^1),2)*2+MOD(INT(MOD(INT(((4294967295-D15))/1),256)/2^2),2)*MOD(INT(MOD(INT((F15)/1),256)/2^2),2)*4+MOD(INT(MOD(INT(((4294967295-D15))/1),256)/2^3),2)*MOD(INT(MOD(INT((F15)/1),256)/2^3),2)*8+MOD(INT(MOD(INT(((4294967295-D15))/1),256)/2^4),2)*MOD(INT(MOD(INT((F15)/1),256)/2^4),2)*16+MOD(INT(MOD(INT(((4294967295-D15))/1),256)/2^5),2)*MOD(INT(MOD(INT((F15)/1),256)/2^5),2)*32+MOD(INT(MOD(INT(((4294967295-D15))/1),256)/2^6),2)*MOD(INT(MOD(INT((F15)/1),256)/2^6),2)*64+MOD(INT(MOD(INT(((4294967295-D15))/1),256)/2^7),2)*MOD(INT(MOD(INT((F15)/1),256)/2^7),2)*128)*1+(MOD(INT(MOD(INT(((4294967295-D15))/256),256)/2^0),2)*MOD(INT(MOD(INT((F15)/256),256)/2^0),2)*1+MOD(INT(MOD(INT(((4294967295-D15))/256),256)/2^1),2)*MOD(INT(MOD(INT((F15)/256),256)/2^1),2)*2+MOD(INT(MOD(INT(((4294967295-D15))/256),256)/2^2),2)*MOD(INT(MOD(INT((F15)/256),256)/2^2),2)*4+MOD(INT(MOD(INT(((4294967295-D15))/256),256)/2^3),2)*MOD(INT(MOD(INT((F15)/256),256)/2^3),2)*8+MOD(INT(MOD(INT(((4294967295-D15))/256),256)/2^4),2)*MOD(INT(MOD(INT((F15)/256),256)/2^4),2)*16+MOD(INT(MOD(INT(((4294967295-D15))/256),256)/2^5),2)*MOD(INT(MOD(INT((F15)/256),256)/2^5),2)*32+MOD(INT(MOD(INT(((4294967295-D15))/256),256)/2^6),2)*MOD(INT(MOD(INT((F15)/256),256)/2^6),2)*64+MOD(INT(MOD(INT(((4294967295-D15))/256),256)/2^7),2)*MOD(INT(MOD(INT((F15)/256),256)/2^7),2)*128)*256+(MOD(INT(MOD(INT(((4294967295-D15))/65536),256)/2^0),2)*MOD(INT(MOD(INT((F15)/65536),256)/2^0),2)*1+MOD(INT(MOD(INT(((4294967295-D15))/65536),256)/2^1),2)*MOD(INT(MOD(INT((F15)/65536),256)/2^1),2)*2+MOD(INT(MOD(INT(((4294967295-D15))/65536),256)/2^2),2)*MOD(INT(MOD(INT((F15)/65536),256)/2^2),2)*4+MOD(INT(MOD(INT(((4294967295-D15))/65536),256)/2^3),2)*MOD(INT(MOD(INT((F15)/65536),256)/2^3),2)*8+MOD(INT(MOD(INT(((4294967295-D15))/65536),256)/2^4),2)*MOD(INT(MOD(INT((F15)/65536),256)/2^4),2)*16+MOD(INT(MOD(INT(((4294967295-D15))/65536),256)/2^5),2)*MOD(INT(MOD(INT((F15)/65536),256)/2^5),2)*32+MOD(INT(MOD(INT(((4294967295-D15))/65536),256)/2^6),2)*MOD(INT(MOD(INT((F15)/65536),256)/2^6),2)*64+MOD(INT(MOD(INT(((4294967295-D15))/65536),256)/2^7),2)*MOD(INT(MOD(INT((F15)/65536),256)/2^7),2)*128)*65536+(MOD(INT(MOD(INT(((4294967295-D15))/16777216),256)/2^0),2)*MOD(INT(MOD(INT((F15)/16777216),256)/2^0),2)*1+MOD(INT(MOD(INT(((4294967295-D15))/16777216),256)/2^1),2)*MOD(INT(MOD(INT((F15)/16777216),256)/2^1),2)*2+MOD(INT(MOD(INT(((4294967295-D15))/16777216),256)/2^2),2)*MOD(INT(MOD(INT((F15)/16777216),256)/2^2),2)*4+MOD(INT(MOD(INT(((4294967295-D15))/16777216),256)/2^3),2)*MOD(INT(MOD(INT((F15)/16777216),256)/2^3),2)*8+MOD(INT(MOD(INT(((4294967295-D15))/16777216),256)/2^4),2)*MOD(INT(MOD(INT((F15)/16777216),256)/2^4),2)*16+MOD(INT(MOD(INT(((4294967295-D15))/16777216),256)/2^5),2)*MOD(INT(MOD(INT((F15)/16777216),256)/2^5),2)*32+MOD(INT(MOD(INT(((4294967295-D15))/16777216),256)/2^6),2)*MOD(INT(MOD(INT((F15)/16777216),256)/2^6),2)*64+MOD(INT(MOD(INT(((4294967295-D15))/16777216),256)/2^7),2)*MOD(INT(MOD(INT((F15)/16777216),256)/2^7),2)*128)*16777216) -> 709058816 | I16: — | J16: =MOD(G16+H16,4294967296) -> 719580616 | K16: =(0)+(0)*256+(0)*65536+(0)*16777216 -> 0 | L16: ='📦 MD5 Constants'!C14 -> 4294925233 | M16: ='📦 MD5 Constants'!H14 -> 17 | N16: =MOD(C15+J16+K16+'📦 MD5 Constants'!C14,4294967296) -> 4137780344 | O16: =MOD(MOD(N16,2^15)*2^17+INT(N16/2^15),4294967296) -> 150072643 | P16: =D16 -> 2578352651 | Q16: op=11 g=M[10] shift=17
B17: 12 | C17: =F16 -> 211987914 | D17: =MOD(D16+O17,4294967296) -> 1298439783 | E17: =D16 -> 2578352651 | F17: =E16 -> 2428280008 | G17: =((MOD(INT(MOD(INT((D16)/1),256)/2^0),2)*MOD(INT(MOD(INT((E16)/1),256)/2^0),2)*1+MOD(INT(MOD(INT((D16)/1),256)/2^1),2)*MOD(INT(MOD(INT((E16)/1),256)/2^1),2)*2+MOD(INT(MOD(INT((D16)/1),256)/2^2),2)*MOD(INT(MOD(INT((E16)/1),256)/2^2),2)*4+MOD(INT(MOD(INT((D16)/1),256)/2^3),2)*MOD(INT(MOD(INT((E16)/1),256)/2^3),2)*8+MOD(INT(MOD(INT((D16)/1),256)/2^4),2)*MOD(INT(MOD(INT((E16)/1),256)/2^4),2)*16+MOD(INT(MOD(INT((D16)/1),256)/2^5),2)*MOD(INT(MOD(INT((E16)/1),256)/2^5),2)*32+MOD(INT(MOD(INT((D16)/1),256)/2^6),2)*MOD(INT(MOD(INT((E16)/1),256)/2^6),2)*64+MOD(INT(MOD(INT((D16)/1),256)/2^7),2)*MOD(INT(MOD(INT((E16)/1),256)/2^7),2)*128)*1+(MOD(INT(MOD(INT((D16)/256),256)/2^0),2)*MOD(INT(MOD(INT((E16)/256),256)/2^0),2)*1+MOD(INT(MOD(INT((D16)/256),256)/2^1),2)*MOD(INT(MOD(INT((E16)/256),256)/2^1),2)*2+MOD(INT(MOD(INT((D16)/256),256)/2^2),2)*MOD(INT(MOD(INT((E16)/256),256)/2^2),2)*4+MOD(INT(MOD(INT((D16)/256),256)/2^3),2)*MOD(INT(MOD(INT((E16)/256),256)/2^3),2)*8+MOD(INT(MOD(INT((D16)/256),256)/2^4),2)*MOD(INT(MOD(INT((E16)/256),256)/2^4),2)*16+MOD(INT(MOD(INT((D16)/256),256)/2^5),2)*MOD(INT(MOD(INT((E16)/256),256)/2^5),2)*32+MOD(INT(MOD(INT((D16)/256),256)/2^6),2)*MOD(INT(MOD(INT((E16)/256),256)/2^6),2)*64+MOD(INT(MOD(INT((D16)/256),256)/2^7),2)*MOD(INT(MOD(INT((E16)/256),256)/2^7),2)*128)*256+(MOD(INT(MOD(INT((D16)/65536),256)/2^0),2)*MOD(INT(MOD(INT((E16)/65536),256)/2^0),2)*1+MOD(INT(MOD(INT((D16)/65536),256)/2^1),2)*MOD(INT(MOD(INT((E16)/65536),256)/2^1),2)*2+MOD(INT(MOD(INT((D16)/65536),256)/2^2),2)*MOD(INT(MOD(INT((E16)/65536),256)/2^2),2)*4+MOD(INT(MOD(INT((D16)/65536),256)/2^3),2)*MOD(INT(MOD(INT((E16)/65536),256)/2^3),2)*8+MOD(INT(MOD(INT((D16)/65536),256)/2^4),2)*MOD(INT(MOD(INT((E16)/65536),256)/2^4),2)*16+MOD(INT(MOD(INT((D16)/65536),256)/2^5),2)*MOD(INT(MOD(INT((E16)/65536),256)/2^5),2)*32+MOD(INT(MOD(INT((D16)/65536),256)/2^6),2)*MOD(INT(MOD(INT((E16)/65536),256)/2^6),2)*64+MOD(INT(MOD(INT((D16)/65536),256)/2^7),2)*MOD(INT(MOD(INT((E16)/65536),256)/2^7),2)*128)*65536+(MOD(INT(MOD(INT((D16)/16777216),256)/2^0),2)*MOD(INT(MOD(INT((E16)/16777216),256)/2^0),2)*1+MOD(INT(MOD(INT((D16)/16777216),256)/2^1),2)*MOD(INT(MOD(INT((E16)/16777216),256)/2^1),2)*2+MOD(INT(MOD(INT((D16)/16777216),256)/2^2),2)*MOD(INT(MOD(INT((E16)/16777216),256)/2^2),2)*4+MOD(INT(MOD(INT((D16)/16777216),256)/2^3),2)*MOD(INT(MOD(INT((E16)/16777216),256)/2^3),2)*8+MOD(INT(MOD(INT((D16)/16777216),256)/2^4),2)*MOD(INT(MOD(INT((E16)/16777216),256)/2^4),2)*16+MOD(INT(MOD(INT((D16)/16777216),256)/2^5),2)*MOD(INT(MOD(INT((E16)/16777216),256)/2^5),2)*32+MOD(INT(MOD(INT((D16)/16777216),256)/2^6),2)*MOD(INT(MOD(INT((E16)/16777216),256)/2^6),2)*64+MOD(INT(MOD(INT((D16)/16777216),256)/2^7),2)*MOD(INT(MOD(INT((E16)/16777216),256)/2^7),2)*128)*16777216) -> 2427226120 | H17: =((MOD(INT(MOD(INT(((4294967295-D16))/1),256)/2^0),2)*MOD(INT(MOD(INT((F16)/1),256)/2^0),2)*1+MOD(INT(MOD(INT(((4294967295-D16))/1),256)/2^1),2)*MOD(INT(MOD(INT((F16)/1),256)/2^1),2)*2+MOD(INT(MOD(INT(((4294967295-D16))/1),256)/2^2),2)*MOD(INT(MOD(INT((F16)/1),256)/2^2),2)*4+MOD(INT(MOD(INT(((4294967295-D16))/1),256)/2^3),2)*MOD(INT(MOD(INT((F16)/1),256)/2^3),2)*8+MOD(INT(MOD(INT(((4294967295-D16))/1),256)/2^4),2)*MOD(INT(MOD(INT((F16)/1),256)/2^4),2)*16+MOD(INT(MOD(INT(((4294967295-D16))/1),256)/2^5),2)*MOD(INT(MOD(INT((F16)/1),256)/2^5),2)*32+MOD(INT(MOD(INT(((4294967295-D16))/1),256)/2^6),2)*MOD(INT(MOD(INT((F16)/1),256)/2^6),2)*64+MOD(INT(MOD(INT(((4294967295-D16))/1),256)/2^7),2)*MOD(INT(MOD(INT((F16)/1),256)/2^7),2)*128)*1+(MOD(INT(MOD(INT(((4294967295-D16))/256),256)/2^0),2)*MOD(INT(MOD(INT((F16)/256),256)/2^0),2)*1+MOD(INT(MOD(INT(((4294967295-D16))/256),256)/2^1),2)*MOD(INT(MOD(INT((F16)/256),256)/2^1),2)*2+MOD(INT(MOD(INT(((4294967295-D16))/256),256)/2^2),2)*MOD(INT(MOD(INT((F16)/256),256)/2^2),2)*4+MOD(INT(MOD(INT(((4294967295-D16))/256),256)/2^3),2)*MOD(INT(MOD(INT((F16)/256),256)/2^3),2)*8+MOD(INT(MOD(INT(((4294967295-D16))/256),256)/2^4),2)*MOD(INT(MOD(INT((F16)/256),256)/2^4),2)*16+MOD(INT(MOD(INT(((4294967295-D16))/256),256)/2^5),2)*MOD(INT(MOD(INT((F16)/256),256)/2^5),2)*32+MOD(INT(MOD(INT(((4294967295-D16))/256),256)/2^6),2)*MOD(INT(MOD(INT((F16)/256),256)/2^6),2)*64+MOD(INT(MOD(INT(((4294967295-D16))/256),256)/2^7),2)*MOD(INT(MOD(INT((F16)/256),256)/2^7),2)*128)*256+(MOD(INT(MOD(INT(((4294967295-D16))/65536),256)/2^0),2)*MOD(INT(MOD(INT((F16)/65536),256)/2^0),2)*1+MOD(INT(MOD(INT(((4294967295-D16))/65536),256)/2^1),2)*MOD(INT(MOD(INT((F16)/65536),256)/2^1),2)*2+MOD(INT(MOD(INT(((4294967295-D16))/65536),256)/2^2),2)*MOD(INT(MOD(INT((F16)/65536),256)/2^2),2)*4+MOD(INT(MOD(INT(((4294967295-D16))/65536),256)/2^3),2)*MOD(INT(MOD(INT((F16)/65536),256)/2^3),2)*8+MOD(INT(MOD(INT(((4294967295-D16))/65536),256)/2^4),2)*MOD(INT(MOD(INT((F16)/65536),256)/2^4),2)*16+MOD(INT(MOD(INT(((4294967295-D16))/65536),256)/2^5),2)*MOD(INT(MOD(INT((F16)/65536),256)/2^5),2)*32+MOD(INT(MOD(INT(((4294967295-D16))/65536),256)/2^6),2)*MOD(INT(MOD(INT((F16)/65536),256)/2^6),2)*64+MOD(INT(MOD(INT(((4294967295-D16))/65536),256)/2^7),2)*MOD(INT(MOD(INT((F16)/65536),256)/2^7),2)*128)*65536+(MOD(INT(MOD(INT(((4294967295-D16))/16777216),256)/2^0),2)*MOD(INT(MOD(INT((F16)/16777216),256)/2^0),2)*1+MOD(INT(MOD(INT(((4294967295-D16))/16777216),256)/2^1),2)*MOD(INT(MOD(INT((F16)/16777216),256)/2^1),2)*2+MOD(INT(MOD(INT(((4294967295-D16))/16777216),256)/2^2),2)*MOD(INT(MOD(INT((F16)/16777216),256)/2^2),2)*4+MOD(INT(MOD(INT(((4294967295-D16))/16777216),256)/2^3),2)*MOD(INT(MOD(INT((F16)/16777216),256)/2^3),2)*8+MOD(INT(MOD(INT(((4294967295-D16))/16777216),256)/2^4),2)*MOD(INT(MOD(INT((F16)/16777216),256)/2^4),2)*16+MOD(INT(MOD(INT(((4294967295-D16))/16777216),256)/2^5),2)*MOD(INT(MOD(INT((F16)/16777216),256)/2^5),2)*32+MOD(INT(MOD(INT(((4294967295-D16))/16777216),256)/2^6),2)*MOD(INT(MOD(INT((F16)/16777216),256)/2^6),2)*64+MOD(INT(MOD(INT(((4294967295-D16))/16777216),256)/2^7),2)*MOD(INT(MOD(INT((F16)/16777216),256)/2^7),2)*128)*16777216) -> 67118528 | I17: — | J17: =MOD(G17+H17,4294967296) -> 2494344648 | K17: =(0)+(0)*256+(0)*65536+(0)*16777216 -> 0 | L17: ='📦 MD5 Constants'!C15 -> 2304563134 | M17: ='📦 MD5 Constants'!H15 -> 22 | N17: =MOD(C16+J17+K17+'📦 MD5 Constants'!C15,4294967296) -> 3629216462 | O17: =MOD(MOD(N17,2^10)*2^22+INT(N17/2^10),4294967296) -> 3015054428 | P17: =D17 -> 1298439783 | Q17: op=12 g=M[11] shift=22
B18: 13 | C18: =F17 -> 2428280008 | D18: =MOD(D17+O18,4294967296) -> 1158240751 | E18: =D17 -> 1298439783 | F18: =E17 -> 2578352651 | G18: =((MOD(INT(MOD(INT((D17)/1),256)/2^0),2)*MOD(INT(MOD(INT((E17)/1),256)/2^0),2)*1+MOD(INT(MOD(INT((D17)/1),256)/2^1),2)*MOD(INT(MOD(INT((E17)/1),256)/2^1),2)*2+MOD(INT(MOD(INT((D17)/1),256)/2^2),2)*MOD(INT(MOD(INT((E17)/1),256)/2^2),2)*4+MOD(INT(MOD(INT((D17)/1),256)/2^3),2)*MOD(INT(MOD(INT((E17)/1),256)/2^3),2)*8+MOD(INT(MOD(INT((D17)/1),256)/2^4),2)*MOD(INT(MOD(INT((E17)/1),256)/2^4),2)*16+MOD(INT(MOD(INT((D17)/1),256)/2^5),2)*MOD(INT(MOD(INT((E17)/1),256)/2^5),2)*32+MOD(INT(MOD(INT((D17)/1),256)/2^6),2)*MOD(INT(MOD(INT((E17)/1),256)/2^6),2)*64+MOD(INT(MOD(INT((D17)/1),256)/2^7),2)*MOD(INT(MOD(INT((E17)/1),256)/2^7),2)*128)*1+(MOD(INT(MOD(INT((D17)/256),256)/2^0),2)*MOD(INT(MOD(INT((E17)/256),256)/2^0),2)*1+MOD(INT(MOD(INT((D17)/256),256)/2^1),2)*MOD(INT(MOD(INT((E17)/256),256)/2^1),2)*2+MOD(INT(MOD(INT((D17)/256),256)/2^2),2)*MOD(INT(MOD(INT((E17)/256),256)/2^2),2)*4+MOD(INT(MOD(INT((D17)/256),256)/2^3),2)*MOD(INT(MOD(INT((E17)/256),256)/2^3),2)*8+MOD(INT(MOD(INT((D17)/256),256)/2^4),2)*MOD(INT(MOD(INT((E17)/256),256)/2^4),2)*16+MOD(INT(MOD(INT((D17)/256),256)/2^5),2)*MOD(INT(MOD(INT((E17)/256),256)/2^5),2)*32+MOD(INT(MOD(INT((D17)/256),256)/2^6),2)*MOD(INT(MOD(INT((E17)/256),256)/2^6),2)*64+MOD(INT(MOD(INT((D17)/256),256)/2^7),2)*MOD(INT(MOD(INT((E17)/256),256)/2^7),2)*128)*256+(MOD(INT(MOD(INT((D17)/65536),256)/2^0),2)*MOD(INT(MOD(INT((E17)/65536),256)/2^0),2)*1+MOD(INT(MOD(INT((D17)/65536),256)/2^1),2)*MOD(INT(MOD(INT((E17)/65536),256)/2^1),2)*2+MOD(INT(MOD(INT((D17)/65536),256)/2^2),2)*MOD(INT(MOD(INT((E17)/65536),256)/2^2),2)*4+MOD(INT(MOD(INT((D17)/65536),256)/2^3),2)*MOD(INT(MOD(INT((E17)/65536),256)/2^3),2)*8+MOD(INT(MOD(INT((D17)/65536),256)/2^4),2)*MOD(INT(MOD(INT((E17)/65536),256)/2^4),2)*16+MOD(INT(MOD(INT((D17)/65536),256)/2^5),2)*MOD(INT(MOD(INT((E17)/65536),256)/2^5),2)*32+MOD(INT(MOD(INT((D17)/65536),256)/2^6),2)*MOD(INT(MOD(INT((E17)/65536),256)/2^6),2)*64+MOD(INT(MOD(INT((D17)/65536),256)/2^7),2)*MOD(INT(MOD(INT((E17)/65536),256)/2^7),2)*128)*65536+(MOD(INT(MOD(INT((D17)/16777216),256)/2^0),2)*MOD(INT(MOD(INT((E17)/16777216),256)/2^0),2)*1+MOD(INT(MOD(INT((D17)/16777216),256)/2^1),2)*MOD(INT(MOD(INT((E17)/16777216),256)/2^1),2)*2+MOD(INT(MOD(INT((D17)/16777216),256)/2^2),2)*MOD(INT(MOD(INT((E17)/16777216),256)/2^2),2)*4+MOD(INT(MOD(INT((D17)/16777216),256)/2^3),2)*MOD(INT(MOD(INT((E17)/16777216),256)/2^3),2)*8+MOD(INT(MOD(INT((D17)/16777216),256)/2^4),2)*MOD(INT(MOD(INT((E17)/16777216),256)/2^4),2)*16+MOD(INT(MOD(INT((D17)/16777216),256)/2^5),2)*MOD(INT(MOD(INT((E17)/16777216),256)/2^5),2)*32+MOD(INT(MOD(INT((D17)/16777216),256)/2^6),2)*MOD(INT(MOD(INT((E17)/16777216),256)/2^6),2)*64+MOD(INT(MOD(INT((D17)/16777216),256)/2^7),2)*MOD(INT(MOD(INT((E17)/16777216),256)/2^7),2)*128)*16777216) -> 153389571 | H18: =((MOD(INT(MOD(INT(((4294967295-D17))/1),256)/2^0),2)*MOD(INT(MOD(INT((F17)/1),256)/2^0),2)*1+MOD(INT(MOD(INT(((4294967295-D17))/1),256)/2^1),2)*MOD(INT(MOD(INT((F17)/1),256)/2^1),2)*2+MOD(INT(MOD(INT(((4294967295-D17))/1),256)/2^2),2)*MOD(INT(MOD(INT((F17)/1),256)/2^2),2)*4+MOD(INT(MOD(INT(((4294967295-D17))/1),256)/2^3),2)*MOD(INT(MOD(INT((F17)/1),256)/2^3),2)*8+MOD(INT(MOD(INT(((4294967295-D17))/1),256)/2^4),2)*MOD(INT(MOD(INT((F17)/1),256)/2^4),2)*16+MOD(INT(MOD(INT(((4294967295-D17))/1),256)/2^5),2)*MOD(INT(MOD(INT((F17)/1),256)/2^5),2)*32+MOD(INT(MOD(INT(((4294967295-D17))/1),256)/2^6),2)*MOD(INT(MOD(INT((F17)/1),256)/2^6),2)*64+MOD(INT(MOD(INT(((4294967295-D17))/1),256)/2^7),2)*MOD(INT(MOD(INT((F17)/1),256)/2^7),2)*128)*1+(MOD(INT(MOD(INT(((4294967295-D17))/256),256)/2^0),2)*MOD(INT(MOD(INT((F17)/256),256)/2^0),2)*1+MOD(INT(MOD(INT(((4294967295-D17))/256),256)/2^1),2)*MOD(INT(MOD(INT((F17)/256),256)/2^1),2)*2+MOD(INT(MOD(INT(((4294967295-D17))/256),256)/2^2),2)*MOD(INT(MOD(INT((F17)/256),256)/2^2),2)*4+MOD(INT(MOD(INT(((4294967295-D17))/256),256)/2^3),2)*MOD(INT(MOD(INT((F17)/256),256)/2^3),2)*8+MOD(INT(MOD(INT(((4294967295-D17))/256),256)/2^4),2)*MOD(INT(MOD(INT((F17)/256),256)/2^4),2)*16+MOD(INT(MOD(INT(((4294967295-D17))/256),256)/2^5),2)*MOD(INT(MOD(INT((F17)/256),256)/2^5),2)*32+MOD(INT(MOD(INT(((4294967295-D17))/256),256)/2^6),2)*MOD(INT(MOD(INT((F17)/256),256)/2^6),2)*64+MOD(INT(MOD(INT(((4294967295-D17))/256),256)/2^7),2)*MOD(INT(MOD(INT((F17)/256),256)/2^7),2)*128)*256+(MOD(INT(MOD(INT(((4294967295-D17))/65536),256)/2^0),2)*MOD(INT(MOD(INT((F17)/65536),256)/2^0),2)*1+MOD(INT(MOD(INT(((4294967295-D17))/65536),256)/2^1),2)*MOD(INT(MOD(INT((F17)/65536),256)/2^1),2)*2+MOD(INT(MOD(INT(((4294967295-D17))/65536),256)/2^2),2)*MOD(INT(MOD(INT((F17)/65536),256)/2^2),2)*4+MOD(INT(MOD(INT(((4294967295-D17))/65536),256)/2^3),2)*MOD(INT(MOD(INT((F17)/65536),256)/2^3),2)*8+MOD(INT(MOD(INT(((4294967295-D17))/65536),256)/2^4),2)*MOD(INT(MOD(INT((F17)/65536),256)/2^4),2)*16+MOD(INT(MOD(INT(((4294967295-D17))/65536),256)/2^5),2)*MOD(INT(MOD(INT((F17)/65536),256)/2^5),2)*32+MOD(INT(MOD(INT(((4294967295-D17))/65536),256)/2^6),2)*MOD(INT(MOD(INT((F17)/65536),256)/2^6),2)*64+MOD(INT(MOD(INT(((4294967295-D17))/65536),256)/2^7),2)*MOD(INT(MOD(INT((F17)/65536),256)/2^7),2)*128)*65536+(MOD(INT(MOD(INT(((4294967295-D17))/16777216),256)/2^0),2)*MOD(INT(MOD(INT((F17)/16777216),256)/2^0),2)*1+MOD(INT(MOD(INT(((4294967295-D17))/16777216),256)/2^1),2)*MOD(INT(MOD(INT((F17)/16777216),256)/2^1),2)*2+MOD(INT(MOD(INT(((4294967295-D17))/16777216),256)/2^2),2)*MOD(INT(MOD(INT((F17)/16777216),256)/2^2),2)*4+MOD(INT(MOD(INT(((4294967295-D17))/16777216),256)/2^3),2)*MOD(INT(MOD(INT((F17)/16777216),256)/2^3),2)*8+MOD(INT(MOD(INT(((4294967295-D17))/16777216),256)/2^4),2)*MOD(INT(MOD(INT((F17)/16777216),256)/2^4),2)*16+MOD(INT(MOD(INT(((4294967295-D17))/16777216),256)/2^5),2)*MOD(INT(MOD(INT((F17)/16777216),256)/2^5),2)*32+MOD(INT(MOD(INT(((4294967295-D17))/16777216),256)/2^6),2)*MOD(INT(MOD(INT((F17)/16777216),256)/2^6),2)*64+MOD(INT(MOD(INT(((4294967295-D17))/16777216),256)/2^7),2)*MOD(INT(MOD(INT((F17)/16777216),256)/2^7),2)*128)*16777216) -> 2425880712 | I18: — | J18: =MOD(G18+H18,4294967296) -> 2579270283 | K18: =(0)+(0)*256+(0)*65536+(0)*16777216 -> 0 | L18: ='📦 MD5 Constants'!C16 -> 1804603682 | M18: ='📦 MD5 Constants'!H16 -> 7 | N18: =MOD(C17+J18+K18+'📦 MD5 Constants'!C16,4294967296) -> 300894583 | O18: =MOD(MOD(N18,2^25)*2^7+INT(N18/2^25),4294967296) -> 4154768264 | P18: =D18 -> 1158240751 | Q18: op=13 g=M[12] shift=7
B19: 14 | C19: =F18 -> 2578352651 | D19: =MOD(D18+O19,4294967296) -> 4287987886 | E19: =D18 -> 1158240751 | F19: =E18 -> 1298439783 | G19: =((MOD(INT(MOD(INT((D18)/1),256)/2^0),2)*MOD(INT(MOD(INT((E18)/1),256)/2^0),2)*1+MOD(INT(MOD(INT((D18)/1),256)/2^1),2)*MOD(INT(MOD(INT((E18)/1),256)/2^1),2)*2+MOD(INT(MOD(INT((D18)/1),256)/2^2),2)*MOD(INT(MOD(INT((E18)/1),256)/2^2),2)*4+MOD(INT(MOD(INT((D18)/1),256)/2^3),2)*MOD(INT(MOD(INT((E18)/1),256)/2^3),2)*8+MOD(INT(MOD(INT((D18)/1),256)/2^4),2)*MOD(INT(MOD(INT((E18)/1),256)/2^4),2)*16+MOD(INT(MOD(INT((D18)/1),256)/2^5),2)*MOD(INT(MOD(INT((E18)/1),256)/2^5),2)*32+MOD(INT(MOD(INT((D18)/1),256)/2^6),2)*MOD(INT(MOD(INT((E18)/1),256)/2^6),2)*64+MOD(INT(MOD(INT((D18)/1),256)/2^7),2)*MOD(INT(MOD(INT((E18)/1),256)/2^7),2)*128)*1+(MOD(INT(MOD(INT((D18)/256),256)/2^0),2)*MOD(INT(MOD(INT((E18)/256),256)/2^0),2)*1+MOD(INT(MOD(INT((D18)/256),256)/2^1),2)*MOD(INT(MOD(INT((E18)/256),256)/2^1),2)*2+MOD(INT(MOD(INT((D18)/256),256)/2^2),2)*MOD(INT(MOD(INT((E18)/256),256)/2^2),2)*4+MOD(INT(MOD(INT((D18)/256),256)/2^3),2)*MOD(INT(MOD(INT((E18)/256),256)/2^3),2)*8+MOD(INT(MOD(INT((D18)/256),256)/2^4),2)*MOD(INT(MOD(INT((E18)/256),256)/2^4),2)*16+MOD(INT(MOD(INT((D18)/256),256)/2^5),2)*MOD(INT(MOD(INT((E18)/256),256)/2^5),2)*32+MOD(INT(MOD(INT((D18)/256),256)/2^6),2)*MOD(INT(MOD(INT((E18)/256),256)/2^6),2)*64+MOD(INT(MOD(INT((D18)/256),256)/2^7),2)*MOD(INT(MOD(INT((E18)/256),256)/2^7),2)*128)*256+(MOD(INT(MOD(INT((D18)/65536),256)/2^0),2)*MOD(INT(MOD(INT((E18)/65536),256)/2^0),2)*1+MOD(INT(MOD(INT((D18)/65536),256)/2^1),2)*MOD(INT(MOD(INT((E18)/65536),256)/2^1),2)*2+MOD(INT(MOD(INT((D18)/65536),256)/2^2),2)*MOD(INT(MOD(INT((E18)/65536),256)/2^2),2)*4+MOD(INT(MOD(INT((D18)/65536),256)/2^3),2)*MOD(INT(MOD(INT((E18)/65536),256)/2^3),2)*8+MOD(INT(MOD(INT((D18)/65536),256)/2^4),2)*MOD(INT(MOD(INT((E18)/65536),256)/2^4),2)*16+MOD(INT(MOD(INT((D18)/65536),256)/2^5),2)*MOD(INT(MOD(INT((E18)/65536),256)/2^5),2)*32+MOD(INT(MOD(INT((D18)/65536),256)/2^6),2)*MOD(INT(MOD(INT((E18)/65536),256)/2^6),2)*64+MOD(INT(MOD(INT((D18)/65536),256)/2^7),2)*MOD(INT(MOD(INT((E18)/65536),256)/2^7),2)*128)*65536+(MOD(INT(MOD(INT((D18)/16777216),256)/2^0),2)*MOD(INT(MOD(INT((E18)/16777216),256)/2^0),2)*1+MOD(INT(MOD(INT((D18)/16777216),256)/2^1),2)*MOD(INT(MOD(INT((E18)/16777216),256)/2^1),2)*2+MOD(INT(MOD(INT((D18)/16777216),256)/2^2),2)*MOD(INT(MOD(INT((E18)/16777216),256)/2^2),2)*4+MOD(INT(MOD(INT((D18)/16777216),256)/2^3),2)*MOD(INT(MOD(INT((E18)/16777216),256)/2^3),2)*8+MOD(INT(MOD(INT((D18)/16777216),256)/2^4),2)*MOD(INT(MOD(INT((E18)/16777216),256)/2^4),2)*16+MOD(INT(MOD(INT((D18)/16777216),256)/2^5),2)*MOD(INT(MOD(INT((E18)/16777216),256)/2^5),2)*32+MOD(INT(MOD(INT((D18)/16777216),256)/2^6),2)*MOD(INT(MOD(INT((E18)/16777216),256)/2^6),2)*64+MOD(INT(MOD(INT((D18)/16777216),256)/2^7),2)*MOD(INT(MOD(INT((E18)/16777216),256)/2^7),2)*128)*16777216) -> 1157634151 | H19: =((MOD(INT(MOD(INT(((4294967295-D18))/1),256)/2^0),2)*MOD(INT(MOD(INT((F18)/1),256)/2^0),2)*1+MOD(INT(MOD(INT(((4294967295-D18))/1),256)/2^1),2)*MOD(INT(MOD(INT((F18)/1),256)/2^1),2)*2+MOD(INT(MOD(INT(((4294967295-D18))/1),256)/2^2),2)*MOD(INT(MOD(INT((F18)/1),256)/2^2),2)*4+MOD(INT(MOD(INT(((4294967295-D18))/1),256)/2^3),2)*MOD(INT(MOD(INT((F18)/1),256)/2^3),2)*8+MOD(INT(MOD(INT(((4294967295-D18))/1),256)/2^4),2)*MOD(INT(MOD(INT((F18)/1),256)/2^4),2)*16+MOD(INT(MOD(INT(((4294967295-D18))/1),256)/2^5),2)*MOD(INT(MOD(INT((F18)/1),256)/2^5),2)*32+MOD(INT(MOD(INT(((4294967295-D18))/1),256)/2^6),2)*MOD(INT(MOD(INT((F18)/1),256)/2^6),2)*64+MOD(INT(MOD(INT(((4294967295-D18))/1),256)/2^7),2)*MOD(INT(MOD(INT((F18)/1),256)/2^7),2)*128)*1+(MOD(INT(MOD(INT(((4294967295-D18))/256),256)/2^0),2)*MOD(INT(MOD(INT((F18)/256),256)/2^0),2)*1+MOD(INT(MOD(INT(((4294967295-D18))/256),256)/2^1),2)*MOD(INT(MOD(INT((F18)/256),256)/2^1),2)*2+MOD(INT(MOD(INT(((4294967295-D18))/256),256)/2^2),2)*MOD(INT(MOD(INT((F18)/256),256)/2^2),2)*4+MOD(INT(MOD(INT(((4294967295-D18))/256),256)/2^3),2)*MOD(INT(MOD(INT((F18)/256),256)/2^3),2)*8+MOD(INT(MOD(INT(((4294967295-D18))/256),256)/2^4),2)*MOD(INT(MOD(INT((F18)/256),256)/2^4),2)*16+MOD(INT(MOD(INT(((4294967295-D18))/256),256)/2^5),2)*MOD(INT(MOD(INT((F18)/256),256)/2^5),2)*32+MOD(INT(MOD(INT(((4294967295-D18))/256),256)/2^6),2)*MOD(INT(MOD(INT((F18)/256),256)/2^6),2)*64+MOD(INT(MOD(INT(((4294967295-D18))/256),256)/2^7),2)*MOD(INT(MOD(INT((F18)/256),256)/2^7),2)*128)*256+(MOD(INT(MOD(INT(((4294967295-D18))/65536),256)/2^0),2)*MOD(INT(MOD(INT((F18)/65536),256)/2^0),2)*1+MOD(INT(MOD(INT(((4294967295-D18))/65536),256)/2^1),2)*MOD(INT(MOD(INT((F18)/65536),256)/2^1),2)*2+MOD(INT(MOD(INT(((4294967295-D18))/65536),256)/2^2),2)*MOD(INT(MOD(INT((F18)/65536),256)/2^2),2)*4+MOD(INT(MOD(INT(((4294967295-D18))/65536),256)/2^3),2)*MOD(INT(MOD(INT((F18)/65536),256)/2^3),2)*8+MOD(INT(MOD(INT(((4294967295-D18))/65536),256)/2^4),2)*MOD(INT(MOD(INT((F18)/65536),256)/2^4),2)*16+MOD(INT(MOD(INT(((4294967295-D18))/65536),256)/2^5),2)*MOD(INT(MOD(INT((F18)/65536),256)/2^5),2)*32+MOD(INT(MOD(INT(((4294967295-D18))/65536),256)/2^6),2)*MOD(INT(MOD(INT((F18)/65536),256)/2^6),2)*64+MOD(INT(MOD(INT(((4294967295-D18))/65536),256)/2^7),2)*MOD(INT(MOD(INT((F18)/65536),256)/2^7),2)*128)*65536+(MOD(INT(MOD(INT(((4294967295-D18))/16777216),256)/2^0),2)*MOD(INT(MOD(INT((F18)/16777216),256)/2^0),2)*1+MOD(INT(MOD(INT(((4294967295-D18))/16777216),256)/2^1),2)*MOD(INT(MOD(INT((F18)/16777216),256)/2^1),2)*2+MOD(INT(MOD(INT(((4294967295-D18))/16777216),256)/2^2),2)*MOD(INT(MOD(INT((F18)/16777216),256)/2^2),2)*4+MOD(INT(MOD(INT(((4294967295-D18))/16777216),256)/2^3),2)*MOD(INT(MOD(INT((F18)/16777216),256)/2^3),2)*8+MOD(INT(MOD(INT(((4294967295-D18))/16777216),256)/2^4),2)*MOD(INT(MOD(INT((F18)/16777216),256)/2^4),2)*16+MOD(INT(MOD(INT(((4294967295-D18))/16777216),256)/2^5),2)*MOD(INT(MOD(INT((F18)/16777216),256)/2^5),2)*32+MOD(INT(MOD(INT(((4294967295-D18))/16777216),256)/2^6),2)*MOD(INT(MOD(INT((F18)/16777216),256)/2^6),2)*64+MOD(INT(MOD(INT(((4294967295-D18))/16777216),256)/2^7),2)*MOD(INT(MOD(INT((F18)/16777216),256)/2^7),2)*128)*16777216) -> 2561049088 | I19: — | J19: =MOD(G19+H19,4294967296) -> 3718683239 | K19: =(0)+(0)*256+(0)*65536+(0)*16777216 -> 0 | L19: ='📦 MD5 Constants'!C17 -> 4254626195 | M19: ='📦 MD5 Constants'!H17 -> 12 | N19: =MOD(C18+J19+K19+'📦 MD5 Constants'!C17,4294967296) -> 1811654850 | O19: =MOD(MOD(N19,2^20)*2^12+INT(N19/2^20),4294967296) -> 3129747135 | P19: =D19 -> 4287987886 | Q19: op=14 g=M[13] shift=12
B20: 15 | C20: =F19 -> 1298439783 | D20: =MOD(D19+O20,4294967296) -> 3640036287 | E20: =D19 -> 4287987886 | F20: =E19 -> 1158240751 | G20: =((MOD(INT(MOD(INT((D19)/1),256)/2^0),2)*MOD(INT(MOD(INT((E19)/1),256)/2^0),2)*1+MOD(INT(MOD(INT((D19)/1),256)/2^1),2)*MOD(INT(MOD(INT((E19)/1),256)/2^1),2)*2+MOD(INT(MOD(INT((D19)/1),256)/2^2),2)*MOD(INT(MOD(INT((E19)/1),256)/2^2),2)*4+MOD(INT(MOD(INT((D19)/1),256)/2^3),2)*MOD(INT(MOD(INT((E19)/1),256)/2^3),2)*8+MOD(INT(MOD(INT((D19)/1),256)/2^4),2)*MOD(INT(MOD(INT((E19)/1),256)/2^4),2)*16+MOD(INT(MOD(INT((D19)/1),256)/2^5),2)*MOD(INT(MOD(INT((E19)/1),256)/2^5),2)*32+MOD(INT(MOD(INT((D19)/1),256)/2^6),2)*MOD(INT(MOD(INT((E19)/1),256)/2^6),2)*64+MOD(INT(MOD(INT((D19)/1),256)/2^7),2)*MOD(INT(MOD(INT((E19)/1),256)/2^7),2)*128)*1+(MOD(INT(MOD(INT((D19)/256),256)/2^0),2)*MOD(INT(MOD(INT((E19)/256),256)/2^0),2)*1+MOD(INT(MOD(INT((D19)/256),256)/2^1),2)*MOD(INT(MOD(INT((E19)/256),256)/2^1),2)*2+MOD(INT(MOD(INT((D19)/256),256)/2^2),2)*MOD(INT(MOD(INT((E19)/256),256)/2^2),2)*4+MOD(INT(MOD(INT((D19)/256),256)/2^3),2)*MOD(INT(MOD(INT((E19)/256),256)/2^3),2)*8+MOD(INT(MOD(INT((D19)/256),256)/2^4),2)*MOD(INT(MOD(INT((E19)/256),256)/2^4),2)*16+MOD(INT(MOD(INT((D19)/256),256)/2^5),2)*MOD(INT(MOD(INT((E19)/256),256)/2^5),2)*32+MOD(INT(MOD(INT((D19)/256),256)/2^6),2)*MOD(INT(MOD(INT((E19)/256),256)/2^6),2)*64+MOD(INT(MOD(INT((D19)/256),256)/2^7),2)*MOD(INT(MOD(INT((E19)/256),256)/2^7),2)*128)*256+(MOD(INT(MOD(INT((D19)/65536),256)/2^0),2)*MOD(INT(MOD(INT((E19)/65536),256)/2^0),2)*1+MOD(INT(MOD(INT((D19)/65536),256)/2^1),2)*MOD(INT(MOD(INT((E19)/65536),256)/2^1),2)*2+MOD(INT(MOD(INT((D19)/65536),256)/2^2),2)*MOD(INT(MOD(INT((E19)/65536),256)/2^2),2)*4+MOD(INT(MOD(INT((D19)/65536),256)/2^3),2)*MOD(INT(MOD(INT((E19)/65536),256)/2^3),2)*8+MOD(INT(MOD(INT((D19)/65536),256)/2^4),2)*MOD(INT(MOD(INT((E19)/65536),256)/2^4),2)*16+MOD(INT(MOD(INT((D19)/65536),256)/2^5),2)*MOD(INT(MOD(INT((E19)/65536),256)/2^5),2)*32+MOD(INT(MOD(INT((D19)/65536),256)/2^6),2)*MOD(INT(MOD(INT((E19)/65536),256)/2^6),2)*64+MOD(INT(MOD(INT((D19)/65536),256)/2^7),2)*MOD(INT(MOD(INT((E19)/65536),256)/2^7),2)*128)*65536+(MOD(INT(MOD(INT((D19)/16777216),256)/2^0),2)*MOD(INT(MOD(INT((E19)/16777216),256)/2^0),2)*1+MOD(INT(MOD(INT((D19)/16777216),256)/2^1),2)*MOD(INT(MOD(INT((E19)/16777216),256)/2^1),2)*2+MOD(INT(MOD(INT((D19)/16777216),256)/2^2),2)*MOD(INT(MOD(INT((E19)/16777216),256)/2^2),2)*4+MOD(INT(MOD(INT((D19)/16777216),256)/2^3),2)*MOD(INT(MOD(INT((E19)/16777216),256)/2^3),2)*8+MOD(INT(MOD(INT((D19)/16777216),256)/2^4),2)*MOD(INT(MOD(INT((E19)/16777216),256)/2^4),2)*16+MOD(INT(MOD(INT((D19)/16777216),256)/2^5),2)*MOD(INT(MOD(INT((E19)/16777216),256)/2^5),2)*32+MOD(INT(MOD(INT((D19)/16777216),256)/2^6),2)*MOD(INT(MOD(INT((E19)/16777216),256)/2^6),2)*64+MOD(INT(MOD(INT((D19)/16777216),256)/2^7),2)*MOD(INT(MOD(INT((E19)/16777216),256)/2^7),2)*128)*16777216) -> 1157693614 | H20: =((MOD(INT(MOD(INT(((4294967295-D19))/1),256)/2^0),2)*MOD(INT(MOD(INT((F19)/1),256)/2^0),2)*1+MOD(INT(MOD(INT(((4294967295-D19))/1),256)/2^1),2)*MOD(INT(MOD(INT((F19)/1),256)/2^1),2)*2+MOD(INT(MOD(INT(((4294967295-D19))/1),256)/2^2),2)*MOD(INT(MOD(INT((F19)/1),256)/2^2),2)*4+MOD(INT(MOD(INT(((4294967295-D19))/1),256)/2^3),2)*MOD(INT(MOD(INT((F19)/1),256)/2^3),2)*8+MOD(INT(MOD(INT(((4294967295-D19))/1),256)/2^4),2)*MOD(INT(MOD(INT((F19)/1),256)/2^4),2)*16+MOD(INT(MOD(INT(((4294967295-D19))/1),256)/2^5),2)*MOD(INT(MOD(INT((F19)/1),256)/2^5),2)*32+MOD(INT(MOD(INT(((4294967295-D19))/1),256)/2^6),2)*MOD(INT(MOD(INT((F19)/1),256)/2^6),2)*64+MOD(INT(MOD(INT(((4294967295-D19))/1),256)/2^7),2)*MOD(INT(MOD(INT((F19)/1),256)/2^7),2)*128)*1+(MOD(INT(MOD(INT(((4294967295-D19))/256),256)/2^0),2)*MOD(INT(MOD(INT((F19)/256),256)/2^0),2)*1+MOD(INT(MOD(INT(((4294967295-D19))/256),256)/2^1),2)*MOD(INT(MOD(INT((F19)/256),256)/2^1),2)*2+MOD(INT(MOD(INT(((4294967295-D19))/256),256)/2^2),2)*MOD(INT(MOD(INT((F19)/256),256)/2^2),2)*4+MOD(INT(MOD(INT(((4294967295-D19))/256),256)/2^3),2)*MOD(INT(MOD(INT((F19)/256),256)/2^3),2)*8+MOD(INT(MOD(INT(((4294967295-D19))/256),256)/2^4),2)*MOD(INT(MOD(INT((F19)/256),256)/2^4),2)*16+MOD(INT(MOD(INT(((4294967295-D19))/256),256)/2^5),2)*MOD(INT(MOD(INT((F19)/256),256)/2^5),2)*32+MOD(INT(MOD(INT(((4294967295-D19))/256),256)/2^6),2)*MOD(INT(MOD(INT((F19)/256),256)/2^6),2)*64+MOD(INT(MOD(INT(((4294967295-D19))/256),256)/2^7),2)*MOD(INT(MOD(INT((F19)/256),256)/2^7),2)*128)*256+(MOD(INT(MOD(INT(((4294967295-D19))/65536),256)/2^0),2)*MOD(INT(MOD(INT((F19)/65536),256)/2^0),2)*1+MOD(INT(MOD(INT(((4294967295-D19))/65536),256)/2^1),2)*MOD(INT(MOD(INT((F19)/65536),256)/2^1),2)*2+MOD(INT(MOD(INT(((4294967295-D19))/65536),256)/2^2),2)*MOD(INT(MOD(INT((F19)/65536),256)/2^2),2)*4+MOD(INT(MOD(INT(((4294967295-D19))/65536),256)/2^3),2)*MOD(INT(MOD(INT((F19)/65536),256)/2^3),2)*8+MOD(INT(MOD(INT(((4294967295-D19))/65536),256)/2^4),2)*MOD(INT(MOD(INT((F19)/65536),256)/2^4),2)*16+MOD(INT(MOD(INT(((4294967295-D19))/65536),256)/2^5),2)*MOD(INT(MOD(INT((F19)/65536),256)/2^5),2)*32+MOD(INT(MOD(INT(((4294967295-D19))/65536),256)/2^6),2)*MOD(INT(MOD(INT((F19)/65536),256)/2^6),2)*64+MOD(INT(MOD(INT(((4294967295-D19))/65536),256)/2^7),2)*MOD(INT(MOD(INT((F19)/65536),256)/2^7),2)*128)*65536+(MOD(INT(MOD(INT(((4294967295-D19))/16777216),256)/2^0),2)*MOD(INT(MOD(INT((F19)/16777216),256)/2^0),2)*1+MOD(INT(MOD(INT(((4294967295-D19))/16777216),256)/2^1),2)*MOD(INT(MOD(INT((F19)/16777216),256)/2^1),2)*2+MOD(INT(MOD(INT(((4294967295-D19))/16777216),256)/2^2),2)*MOD(INT(MOD(INT((F19)/16777216),256)/2^2),2)*4+MOD(INT(MOD(INT(((4294967295-D19))/16777216),256)/2^3),2)*MOD(INT(MOD(INT((F19)/16777216),256)/2^3),2)*8+MOD(INT(MOD(INT(((4294967295-D19))/16777216),256)/2^4),2)*MOD(INT(MOD(INT((F19)/16777216),256)/2^4),2)*16+MOD(INT(MOD(INT(((4294967295-D19))/16777216),256)/2^5),2)*MOD(INT(MOD(INT((F19)/16777216),256)/2^5),2)*32+MOD(INT(MOD(INT(((4294967295-D19))/16777216),256)/2^6),2)*MOD(INT(MOD(INT((F19)/16777216),256)/2^6),2)*64+MOD(INT(MOD(INT(((4294967295-D19))/16777216),256)/2^7),2)*MOD(INT(MOD(INT((F19)/16777216),256)/2^7),2)*128)*16777216) -> 6299201 | I20: — | J20: =MOD(G20+H20,4294967296) -> 1163992815 | K20: =(MOD(LEN('🔐 MD5'!B5)*8,256))+(MOD(INT(LEN('🔐 MD5'!B5)*8/256),256))*256+(MOD(INT(LEN('🔐 MD5'!B5)*8/65536),256))*65536+(MOD(INT(LEN('🔐 MD5'!B5)*8/16777216),256))*16777216 -> 40 | L20: ='📦 MD5 Constants'!C18 -> 2792965006 | M20: ='📦 MD5 Constants'!H18 -> 17 | N20: =MOD(C19+J20+K20+'📦 MD5 Constants'!C18,4294967296) -> 2240343216 | O20: =MOD(MOD(N20,2^15)*2^17+INT(N20/2^15),4294967296) -> 3647015697 | P20: =D20 -> 3640036287 | Q20: op=15 g=M[14] shift=17
B21: 16 | C21: =F20 -> 1158240751 | D21: =MOD(D20+O21,4294967296) -> 3063134556 | E21: =D20 -> 3640036287 | F21: =E20 -> 4287987886 | G21: =((MOD(INT(MOD(INT((D20)/1),256)/2^0),2)*MOD(INT(MOD(INT((E20)/1),256)/2^0),2)*1+MOD(INT(MOD(INT((D20)/1),256)/2^1),2)*MOD(INT(MOD(INT((E20)/1),256)/2^1),2)*2+MOD(INT(MOD(INT((D20)/1),256)/2^2),2)*MOD(INT(MOD(INT((E20)/1),256)/2^2),2)*4+MOD(INT(MOD(INT((D20)/1),256)/2^3),2)*MOD(INT(MOD(INT((E20)/1),256)/2^3),2)*8+MOD(INT(MOD(INT((D20)/1),256)/2^4),2)*MOD(INT(MOD(INT((E20)/1),256)/2^4),2)*16+MOD(INT(MOD(INT((D20)/1),256)/2^5),2)*MOD(INT(MOD(INT((E20)/1),256)/2^5),2)*32+MOD(INT(MOD(INT((D20)/1),256)/2^6),2)*MOD(INT(MOD(INT((E20)/1),256)/2^6),2)*64+MOD(INT(MOD(INT((D20)/1),256)/2^7),2)*MOD(INT(MOD(INT((E20)/1),256)/2^7),2)*128)*1+(MOD(INT(MOD(INT((D20)/256),256)/2^0),2)*MOD(INT(MOD(INT((E20)/256),256)/2^0),2)*1+MOD(INT(MOD(INT((D20)/256),256)/2^1),2)*MOD(INT(MOD(INT((E20)/256),256)/2^1),2)*2+MOD(INT(MOD(INT((D20)/256),256)/2^2),2)*MOD(INT(MOD(INT((E20)/256),256)/2^2),2)*4+MOD(INT(MOD(INT((D20)/256),256)/2^3),2)*MOD(INT(MOD(INT((E20)/256),256)/2^3),2)*8+MOD(INT(MOD(INT((D20)/256),256)/2^4),2)*MOD(INT(MOD(INT((E20)/256),256)/2^4),2)*16+MOD(INT(MOD(INT((D20)/256),256)/2^5),2)*MOD(INT(MOD(INT((E20)/256),256)/2^5),2)*32+MOD(INT(MOD(INT((D20)/256),256)/2^6),2)*MOD(INT(MOD(INT((E20)/256),256)/2^6),2)*64+MOD(INT(MOD(INT((D20)/256),256)/2^7),2)*MOD(INT(MOD(INT((E20)/256),256)/2^7),2)*128)*256+(MOD(INT(MOD(INT((D20)/65536),256)/2^0),2)*MOD(INT(MOD(INT((E20)/65536),256)/2^0),2)*1+MOD(INT(MOD(INT((D20)/65536),256)/2^1),2)*MOD(INT(MOD(INT((E20)/65536),256)/2^1),2)*2+MOD(INT(MOD(INT((D20)/65536),256)/2^2),2)*MOD(INT(MOD(INT((E20)/65536),256)/2^2),2)*4+MOD(INT(MOD(INT((D20)/65536),256)/2^3),2)*MOD(INT(MOD(INT((E20)/65536),256)/2^3),2)*8+MOD(INT(MOD(INT((D20)/65536),256)/2^4),2)*MOD(INT(MOD(INT((E20)/65536),256)/2^4),2)*16+MOD(INT(MOD(INT((D20)/65536),256)/2^5),2)*MOD(INT(MOD(INT((E20)/65536),256)/2^5),2)*32+MOD(INT(MOD(INT((D20)/65536),256)/2^6),2)*MOD(INT(MOD(INT((E20)/65536),256)/2^6),2)*64+MOD(INT(MOD(INT((D20)/65536),256)/2^7),2)*MOD(INT(MOD(INT((E20)/65536),256)/2^7),2)*128)*65536+(MOD(INT(MOD(INT((D20)/16777216),256)/2^0),2)*MOD(INT(MOD(INT((E20)/16777216),256)/2^0),2)*1+MOD(INT(MOD(INT((D20)/16777216),256)/2^1),2)*MOD(INT(MOD(INT((E20)/16777216),256)/2^1),2)*2+MOD(INT(MOD(INT((D20)/16777216),256)/2^2),2)*MOD(INT(MOD(INT((E20)/16777216),256)/2^2),2)*4+MOD(INT(MOD(INT((D20)/16777216),256)/2^3),2)*MOD(INT(MOD(INT((E20)/16777216),256)/2^3),2)*8+MOD(INT(MOD(INT((D20)/16777216),256)/2^4),2)*MOD(INT(MOD(INT((E20)/16777216),256)/2^4),2)*16+MOD(INT(MOD(INT((D20)/16777216),256)/2^5),2)*MOD(INT(MOD(INT((E20)/16777216),256)/2^5),2)*32+MOD(INT(MOD(INT((D20)/16777216),256)/2^6),2)*MOD(INT(MOD(INT((E20)/16777216),256)/2^6),2)*64+MOD(INT(MOD(INT((D20)/16777216),256)/2^7),2)*MOD(INT(MOD(INT((E20)/16777216),256)/2^7),2)*128)*16777216) -> 3633610926 | H21: =((MOD(INT(MOD(INT(((4294967295-D20))/1),256)/2^0),2)*MOD(INT(MOD(INT((F20)/1),256)/2^0),2)*1+MOD(INT(MOD(INT(((4294967295-D20))/1),256)/2^1),2)*MOD(INT(MOD(INT((F20)/1),256)/2^1),2)*2+MOD(INT(MOD(INT(((4294967295-D20))/1),256)/2^2),2)*MOD(INT(MOD(INT((F20)/1),256)/2^2),2)*4+MOD(INT(MOD(INT(((4294967295-D20))/1),256)/2^3),2)*MOD(INT(MOD(INT((F20)/1),256)/2^3),2)*8+MOD(INT(MOD(INT(((4294967295-D20))/1),256)/2^4),2)*MOD(INT(MOD(INT((F20)/1),256)/2^4),2)*16+MOD(INT(MOD(INT(((4294967295-D20))/1),256)/2^5),2)*MOD(INT(MOD(INT((F20)/1),256)/2^5),2)*32+MOD(INT(MOD(INT(((4294967295-D20))/1),256)/2^6),2)*MOD(INT(MOD(INT((F20)/1),256)/2^6),2)*64+MOD(INT(MOD(INT(((4294967295-D20))/1),256)/2^7),2)*MOD(INT(MOD(INT((F20)/1),256)/2^7),2)*128)*1+(MOD(INT(MOD(INT(((4294967295-D20))/256),256)/2^0),2)*MOD(INT(MOD(INT((F20)/256),256)/2^0),2)*1+MOD(INT(MOD(INT(((4294967295-D20))/256),256)/2^1),2)*MOD(INT(MOD(INT((F20)/256),256)/2^1),2)*2+MOD(INT(MOD(INT(((4294967295-D20))/256),256)/2^2),2)*MOD(INT(MOD(INT((F20)/256),256)/2^2),2)*4+MOD(INT(MOD(INT(((4294967295-D20))/256),256)/2^3),2)*MOD(INT(MOD(INT((F20)/256),256)/2^3),2)*8+MOD(INT(MOD(INT(((4294967295-D20))/256),256)/2^4),2)*MOD(INT(MOD(INT((F20)/256),256)/2^4),2)*16+MOD(INT(MOD(INT(((4294967295-D20))/256),256)/2^5),2)*MOD(INT(MOD(INT((F20)/256),256)/2^5),2)*32+MOD(INT(MOD(INT(((4294967295-D20))/256),256)/2^6),2)*MOD(INT(MOD(INT((F20)/256),256)/2^6),2)*64+MOD(INT(MOD(INT(((4294967295-D20))/256),256)/2^7),2)*MOD(INT(MOD(INT((F20)/256),256)/2^7),2)*128)*256+(MOD(INT(MOD(INT(((4294967295-D20))/65536),256)/2^0),2)*MOD(INT(MOD(INT((F20)/65536),256)/2^0),2)*1+MOD(INT(MOD(INT(((4294967295-D20))/65536),256)/2^1),2)*MOD(INT(MOD(INT((F20)/65536),256)/2^1),2)*2+MOD(INT(MOD(INT(((4294967295-D20))/65536),256)/2^2),2)*MOD(INT(MOD(INT((F20)/65536),256)/2^2),2)*4+MOD(INT(MOD(INT(((4294967295-D20))/65536),256)/2^3),2)*MOD(INT(MOD(INT((F20)/65536),256)/2^3),2)*8+MOD(INT(MOD(INT(((4294967295-D20))/65536),256)/2^4),2)*MOD(INT(MOD(INT((F20)/65536),256)/2^4),2)*16+MOD(INT(MOD(INT(((4294967295-D20))/65536),256)/2^5),2)*MOD(INT(MOD(INT((F20)/65536),256)/2^5),2)*32+MOD(INT(MOD(INT(((4294967295-D20))/65536),256)/2^6),2)*MOD(INT(MOD(INT((F20)/65536),256)/2^6),2)*64+MOD(INT(MOD(INT(((4294967295-D20))/65536),256)/2^7),2)*MOD(INT(MOD(INT((F20)/65536),256)/2^7),2)*128)*65536+(MOD(INT(MOD(INT(((4294967295-D20))/16777216),256)/2^0),2)*MOD(INT(MOD(INT((F20)/16777216),256)/2^0),2)*1+MOD(INT(MOD(INT(((4294967295-D20))/16777216),256)/2^1),2)*MOD(INT(MOD(INT((F20)/16777216),256)/2^1),2)*2+MOD(INT(MOD(INT(((4294967295-D20))/16777216),256)/2^2),2)*MOD(INT(MOD(INT((F20)/16777216),256)/2^2),2)*4+MOD(INT(MOD(INT(((4294967295-D20))/16777216),256)/2^3),2)*MOD(INT(MOD(INT((F20)/16777216),256)/2^3),2)*8+MOD(INT(MOD(INT(((4294967295-D20))/16777216),256)/2^4),2)*MOD(INT(MOD(INT((F20)/16777216),256)/2^4),2)*16+MOD(INT(MOD(INT(((4294967295-D20))/16777216),256)/2^5),2)*MOD(INT(MOD(INT((F20)/16777216),256)/2^5),2)*32+MOD(INT(MOD(INT(((4294967295-D20))/16777216),256)/2^6),2)*MOD(INT(MOD(INT((F20)/16777216),256)/2^6),2)*64+MOD(INT(MOD(INT(((4294967295-D20))/16777216),256)/2^7),2)*MOD(INT(MOD(INT((F20)/16777216),256)/2^7),2)*128)*16777216) -> 84496448 | I21: — | J21: =MOD(G21+H21,4294967296) -> 3718107374 | K21: =(0)+(0)*256+(0)*65536+(0)*16777216 -> 0 | L21: ='📦 MD5 Constants'!C19 -> 1236535329 | M21: ='📦 MD5 Constants'!H19 -> 22 | N21: =MOD(C20+J21+K21+'📦 MD5 Constants'!C19,4294967296) -> 1958115190 | O21: =MOD(MOD(N21,2^10)*2^22+INT(N21/2^10),4294967296) -> 3718065565 | P21: =D21 -> 3063134556 | Q21: op=16 g=M[15] shift=22
B22: 17 | C22: =F21 -> 4287987886 | D22: =MOD(D21+O22,4294967296) -> 4194637082 | E22: =D21 -> 3063134556 | F22: =E21 -> 3640036287 | G22: =((MOD(INT(MOD(INT((D21)/1),256)/2^0),2)*MOD(INT(MOD(INT((F21)/1),256)/2^0),2)*1+MOD(INT(MOD(INT((D21)/1),256)/2^1),2)*MOD(INT(MOD(INT((F21)/1),256)/2^1),2)*2+MOD(INT(MOD(INT((D21)/1),256)/2^2),2)*MOD(INT(MOD(INT((F21)/1),256)/2^2),2)*4+MOD(INT(MOD(INT((D21)/1),256)/2^3),2)*MOD(INT(MOD(INT((F21)/1),256)/2^3),2)*8+MOD(INT(MOD(INT((D21)/1),256)/2^4),2)*MOD(INT(MOD(INT((F21)/1),256)/2^4),2)*16+MOD(INT(MOD(INT((D21)/1),256)/2^5),2)*MOD(INT(MOD(INT((F21)/1),256)/2^5),2)*32+MOD(INT(MOD(INT((D21)/1),256)/2^6),2)*MOD(INT(MOD(INT((F21)/1),256)/2^6),2)*64+MOD(INT(MOD(INT((D21)/1),256)/2^7),2)*MOD(INT(MOD(INT((F21)/1),256)/2^7),2)*128)*1+(MOD(INT(MOD(INT((D21)/256),256)/2^0),2)*MOD(INT(MOD(INT((F21)/256),256)/2^0),2)*1+MOD(INT(MOD(INT((D21)/256),256)/2^1),2)*MOD(INT(MOD(INT((F21)/256),256)/2^1),2)*2+MOD(INT(MOD(INT((D21)/256),256)/2^2),2)*MOD(INT(MOD(INT((F21)/256),256)/2^2),2)*4+MOD(INT(MOD(INT((D21)/256),256)/2^3),2)*MOD(INT(MOD(INT((F21)/256),256)/2^3),2)*8+MOD(INT(MOD(INT((D21)/256),256)/2^4),2)*MOD(INT(MOD(INT((F21)/256),256)/2^4),2)*16+MOD(INT(MOD(INT((D21)/256),256)/2^5),2)*MOD(INT(MOD(INT((F21)/256),256)/2^5),2)*32+MOD(INT(MOD(INT((D21)/256),256)/2^6),2)*MOD(INT(MOD(INT((F21)/256),256)/2^6),2)*64+MOD(INT(MOD(INT((D21)/256),256)/2^7),2)*MOD(INT(MOD(INT((F21)/256),256)/2^7),2)*128)*256+(MOD(INT(MOD(INT((D21)/65536),256)/2^0),2)*MOD(INT(MOD(INT((F21)/65536),256)/2^0),2)*1+MOD(INT(MOD(INT((D21)/65536),256)/2^1),2)*MOD(INT(MOD(INT((F21)/65536),256)/2^1),2)*2+MOD(INT(MOD(INT((D21)/65536),256)/2^2),2)*MOD(INT(MOD(INT((F21)/65536),256)/2^2),2)*4+MOD(INT(MOD(INT((D21)/65536),256)/2^3),2)*MOD(INT(MOD(INT((F21)/65536),256)/2^3),2)*8+MOD(INT(MOD(INT((D21)/65536),256)/2^4),2)*MOD(INT(MOD(INT((F21)/65536),256)/2^4),2)*16+MOD(INT(MOD(INT((D21)/65536),256)/2^5),2)*MOD(INT(MOD(INT((F21)/65536),256)/2^5),2)*32+MOD(INT(MOD(INT((D21)/65536),256)/2^6),2)*MOD(INT(MOD(INT((F21)/65536),256)/2^6),2)*64+MOD(INT(MOD(INT((D21)/65536),256)/2^7),2)*MOD(INT(MOD(INT((F21)/65536),256)/2^7),2)*128)*65536+(MOD(INT(MOD(INT((D21)/16777216),256)/2^0),2)*MOD(INT(MOD(INT((F21)/16777216),256)/2^0),2)*1+MOD(INT(MOD(INT((D21)/16777216),256)/2^1),2)*MOD(INT(MOD(INT((F21)/16777216),256)/2^1),2)*2+MOD(INT(MOD(INT((D21)/16777216),256)/2^2),2)*MOD(INT(MOD(INT((F21)/16777216),256)/2^2),2)*4+MOD(INT(MOD(INT((D21)/16777216),256)/2^3),2)*MOD(INT(MOD(INT((F21)/16777216),256)/2^3),2)*8+MOD(INT(MOD(INT((D21)/16777216),256)/2^4),2)*MOD(INT(MOD(INT((F21)/16777216),256)/2^4),2)*16+MOD(INT(MOD(INT((D21)/16777216),256)/2^5),2)*MOD(INT(MOD(INT((F21)/16777216),256)/2^5),2)*32+MOD(INT(MOD(INT((D21)/16777216),256)/2^6),2)*MOD(INT(MOD(INT((F21)/16777216),256)/2^6),2)*64+MOD(INT(MOD(INT((D21)/16777216),256)/2^7),2)*MOD(INT(MOD(INT((F21)/16777216),256)/2^7),2)*128)*16777216) -> 3062988812 | H22: =((MOD(INT(MOD(INT((E21)/1),256)/2^0),2)*MOD(INT(MOD(INT(((4294967295-F21))/1),256)/2^0),2)*1+MOD(INT(MOD(INT((E21)/1),256)/2^1),2)*MOD(INT(MOD(INT(((4294967295-F21))/1),256)/2^1),2)*2+MOD(INT(MOD(INT((E21)/1),256)/2^2),2)*MOD(INT(MOD(INT(((4294967295-F21))/1),256)/2^2),2)*4+MOD(INT(MOD(INT((E21)/1),256)/2^3),2)*MOD(INT(MOD(INT(((4294967295-F21))/1),256)/2^3),2)*8+MOD(INT(MOD(INT((E21)/1),256)/2^4),2)*MOD(INT(MOD(INT(((4294967295-F21))/1),256)/2^4),2)*16+MOD(INT(MOD(INT((E21)/1),256)/2^5),2)*MOD(INT(MOD(INT(((4294967295-F21))/1),256)/2^5),2)*32+MOD(INT(MOD(INT((E21)/1),256)/2^6),2)*MOD(INT(MOD(INT(((4294967295-F21))/1),256)/2^6),2)*64+MOD(INT(MOD(INT((E21)/1),256)/2^7),2)*MOD(INT(MOD(INT(((4294967295-F21))/1),256)/2^7),2)*128)*1+(MOD(INT(MOD(INT((E21)/256),256)/2^0),2)*MOD(INT(MOD(INT(((4294967295-F21))/256),256)/2^0),2)*1+MOD(INT(MOD(INT((E21)/256),256)/2^1),2)*MOD(INT(MOD(INT(((4294967295-F21))/256),256)/2^1),2)*2+MOD(INT(MOD(INT((E21)/256),256)/2^2),2)*MOD(INT(MOD(INT(((4294967295-F21))/256),256)/2^2),2)*4+MOD(INT(MOD(INT((E21)/256),256)/2^3),2)*MOD(INT(MOD(INT(((4294967295-F21))/256),256)/2^3),2)*8+MOD(INT(MOD(INT((E21)/256),256)/2^4),2)*MOD(INT(MOD(INT(((4294967295-F21))/256),256)/2^4),2)*16+MOD(INT(MOD(INT((E21)/256),256)/2^5),2)*MOD(INT(MOD(INT(((4294967295-F21))/256),256)/2^5),2)*32+MOD(INT(MOD(INT((E21)/256),256)/2^6),2)*MOD(INT(MOD(INT(((4294967295-F21))/256),256)/2^6),2)*64+MOD(INT(MOD(INT((E21)/256),256)/2^7),2)*MOD(INT(MOD(INT(((4294967295-F21))/256),256)/2^7),2)*128)*256+(MOD(INT(MOD(INT((E21)/65536),256)/2^0),2)*MOD(INT(MOD(INT(((4294967295-F21))/65536),256)/2^0),2)*1+MOD(INT(MOD(INT((E21)/65536),256)/2^1),2)*MOD(INT(MOD(INT(((4294967295-F21))/65536),256)/2^1),2)*2+MOD(INT(MOD(INT((E21)/65536),256)/2^2),2)*MOD(INT(MOD(INT(((4294967295-F21))/65536),256)/2^2),2)*4+MOD(INT(MOD(INT((E21)/65536),256)/2^3),2)*MOD(INT(MOD(INT(((4294967295-F21))/65536),256)/2^3),2)*8+MOD(INT(MOD(INT((E21)/65536),256)/2^4),2)*MOD(INT(MOD(INT(((4294967295-F21))/65536),256)/2^4),2)*16+MOD(INT(MOD(INT((E21)/65536),256)/2^5),2)*MOD(INT(MOD(INT(((4294967295-F21))/65536),256)/2^5),2)*32+MOD(INT(MOD(INT((E21)/65536),256)/2^6),2)*MOD(INT(MOD(INT(((4294967295-F21))/65536),256)/2^6),2)*64+MOD(INT(MOD(INT((E21)/65536),256)/2^7),2)*MOD(INT(MOD(INT(((4294967295-F21))/65536),256)/2^7),2)*128)*65536+(MOD(INT(MOD(INT((E21)/16777216),256)/2^0),2)*MOD(INT(MOD(INT(((4294967295-F21))/16777216),256)/2^0),2)*1+MOD(INT(MOD(INT((E21)/16777216),256)/2^1),2)*MOD(INT(MOD(INT(((4294967295-F21))/16777216),256)/2^1),2)*2+MOD(INT(MOD(INT((E21)/16777216),256)/2^2),2)*MOD(INT(MOD(INT(((4294967295-F21))/16777216),256)/2^2),2)*4+MOD(INT(MOD(INT((E21)/16777216),256)/2^3),2)*MOD(INT(MOD(INT(((4294967295-F21))/16777216),256)/2^3),2)*8+MOD(INT(MOD(INT((E21)/16777216),256)/2^4),2)*MOD(INT(MOD(INT(((4294967295-F21))/16777216),256)/2^4),2)*16+MOD(INT(MOD(INT((E21)/16777216),256)/2^5),2)*MOD(INT(MOD(INT(((4294967295-F21))/16777216),256)/2^5),2)*32+MOD(INT(MOD(INT((E21)/16777216),256)/2^6),2)*MOD(INT(MOD(INT(((4294967295-F21))/16777216),256)/2^6),2)*64+MOD(INT(MOD(INT((E21)/16777216),256)/2^7),2)*MOD(INT(MOD(INT(((4294967295-F21))/16777216),256)/2^7),2)*128)*16777216) -> 6425361 | I22: — | J22: =MOD(G22+H22,4294967296) -> 3069414173 | K22: =(IF(LEN('🔐 MD5'!B5)>4,CODE(MID('🔐 MD5'!B5,5,1)),IF(LEN('🔐 MD5'!B5)=4,128,0)))+(IF(LEN('🔐 MD5'!B5)>5,CODE(MID('🔐 MD5'!B5,6,1)),IF(LEN('🔐 MD5'!B5)=5,128,0)))*256+(IF(LEN('🔐 MD5'!B5)>6,CODE(MID('🔐 MD5'!B5,7,1)),IF(LEN('🔐 MD5'!B5)=6,128,0)))*65536+(IF(LEN('🔐 MD5'!B5)=7,128,0))*16777216 -> 32879 | L22: ='📦 MD5 Constants'!C20 -> 4129170786 | M22: ='📦 MD5 Constants'!H20 -> 5 | N22: =MOD(C21+J22+K22+'📦 MD5 Constants'!C20,4294967296) -> 4061891293 | O22: =MOD(MOD(N22,2^27)*2^5+INT(N22/2^27),4294967296) -> 1131502526 | P22: =D22 -> 4194637082 | Q22: Round 2: G(B,C,D)=AND(B,D)+AND(C,NOT_D)
B23: 18 | C23: =F22 -> 3640036287 | D23: =MOD(D22+O23,4294967296) -> 2966398613 | E23: =D22 -> 4194637082 | F23: =E22 -> 3063134556 | G23: =((MOD(INT(MOD(INT((D22)/1),256)/2^0),2)*MOD(INT(MOD(INT((F22)/1),256)/2^0),2)*1+MOD(INT(MOD(INT((D22)/1),256)/2^1),2)*MOD(INT(MOD(INT((F22)/1),256)/2^1),2)*2+MOD(INT(MOD(INT((D22)/1),256)/2^2),2)*MOD(INT(MOD(INT((F22)/1),256)/2^2),2)*4+MOD(INT(MOD(INT((D22)/1),256)/2^3),2)*MOD(INT(MOD(INT((F22)/1),256)/2^3),2)*8+MOD(INT(MOD(INT((D22)/1),256)/2^4),2)*MOD(INT(MOD(INT((F22)/1),256)/2^4),2)*16+MOD(INT(MOD(INT((D22)/1),256)/2^5),2)*MOD(INT(MOD(INT((F22)/1),256)/2^5),2)*32+MOD(INT(MOD(INT((D22)/1),256)/2^6),2)*MOD(INT(MOD(INT((F22)/1),256)/2^6),2)*64+MOD(INT(MOD(INT((D22)/1),256)/2^7),2)*MOD(INT(MOD(INT((F22)/1),256)/2^7),2)*128)*1+(MOD(INT(MOD(INT((D22)/256),256)/2^0),2)*MOD(INT(MOD(INT((F22)/256),256)/2^0),2)*1+MOD(INT(MOD(INT((D22)/256),256)/2^1),2)*MOD(INT(MOD(INT((F22)/256),256)/2^1),2)*2+MOD(INT(MOD(INT((D22)/256),256)/2^2),2)*MOD(INT(MOD(INT((F22)/256),256)/2^2),2)*4+MOD(INT(MOD(INT((D22)/256),256)/2^3),2)*MOD(INT(MOD(INT((F22)/256),256)/2^3),2)*8+MOD(INT(MOD(INT((D22)/256),256)/2^4),2)*MOD(INT(MOD(INT((F22)/256),256)/2^4),2)*16+MOD(INT(MOD(INT((D22)/256),256)/2^5),2)*MOD(INT(MOD(INT((F22)/256),256)/2^5),2)*32+MOD(INT(MOD(INT((D22)/256),256)/2^6),2)*MOD(INT(MOD(INT((F22)/256),256)/2^6),2)*64+MOD(INT(MOD(INT((D22)/256),256)/2^7),2)*MOD(INT(MOD(INT((F22)/256),256)/2^7),2)*128)*256+(MOD(INT(MOD(INT((D22)/65536),256)/2^0),2)*MOD(INT(MOD(INT((F22)/65536),256)/2^0),2)*1+MOD(INT(MOD(INT((D22)/65536),256)/2^1),2)*MOD(INT(MOD(INT((F22)/65536),256)/2^1),2)*2+MOD(INT(MOD(INT((D22)/65536),256)/2^2),2)*MOD(INT(MOD(INT((F22)/65536),256)/2^2),2)*4+MOD(INT(MOD(INT((D22)/65536),256)/2^3),2)*MOD(INT(MOD(INT((F22)/65536),256)/2^3),2)*8+MOD(INT(MOD(INT((D22)/65536),256)/2^4),2)*MOD(INT(MOD(INT((F22)/65536),256)/2^4),2)*16+MOD(INT(MOD(INT((D22)/65536),256)/2^5),2)*MOD(INT(MOD(INT((F22)/65536),256)/2^5),2)*32+MOD(INT(MOD(INT((D22)/65536),256)/2^6),2)*MOD(INT(MOD(INT((F22)/65536),256)/2^6),2)*64+MOD(INT(MOD(INT((D22)/65536),256)/2^7),2)*MOD(INT(MOD(INT((F22)/65536),256)/2^7),2)*128)*65536+(MOD(INT(MOD(INT((D22)/16777216),256)/2^0),2)*MOD(INT(MOD(INT((F22)/16777216),256)/2^0),2)*1+MOD(INT(MOD(INT((D22)/16777216),256)/2^1),2)*MOD(INT(MOD(INT((F22)/16777216),256)/2^1),2)*2+MOD(INT(MOD(INT((D22)/16777216),256)/2^2),2)*MOD(INT(MOD(INT((F22)/16777216),256)/2^2),2)*4+MOD(INT(MOD(INT((D22)/16777216),256)/2^3),2)*MOD(INT(MOD(INT((F22)/16777216),256)/2^3),2)*8+MOD(INT(MOD(INT((D22)/16777216),256)/2^4),2)*MOD(INT(MOD(INT((F22)/16777216),256)/2^4),2)*16+MOD(INT(MOD(INT((D22)/16777216),256)/2^5),2)*MOD(INT(MOD(INT((F22)/16777216),256)/2^5),2)*32+MOD(INT(MOD(INT((D22)/16777216),256)/2^6),2)*MOD(INT(MOD(INT((F22)/16777216),256)/2^6),2)*64+MOD(INT(MOD(INT((D22)/16777216),256)/2^7),2)*MOD(INT(MOD(INT((F22)/16777216),256)/2^7),2)*128)*16777216) -> 3624141082 | H23: =((MOD(INT(MOD(INT((E22)/1),256)/2^0),2)*MOD(INT(MOD(INT(((4294967295-F22))/1),256)/2^0),2)*1+MOD(INT(MOD(INT((E22)/1),256)/2^1),2)*MOD(INT(MOD(INT(((4294967295-F22))/1),256)/2^1),2)*2+MOD(INT(MOD(INT((E22)/1),256)/2^2),2)*MOD(INT(MOD(INT(((4294967295-F22))/1),256)/2^2),2)*4+MOD(INT(MOD(INT((E22)/1),256)/2^3),2)*MOD(INT(MOD(INT(((4294967295-F22))/1),256)/2^3),2)*8+MOD(INT(MOD(INT((E22)/1),256)/2^4),2)*MOD(INT(MOD(INT(((4294967295-F22))/1),256)/2^4),2)*16+MOD(INT(MOD(INT((E22)/1),256)/2^5),2)*MOD(INT(MOD(INT(((4294967295-F22))/1),256)/2^5),2)*32+MOD(INT(MOD(INT((E22)/1),256)/2^6),2)*MOD(INT(MOD(INT(((4294967295-F22))/1),256)/2^6),2)*64+MOD(INT(MOD(INT((E22)/1),256)/2^7),2)*MOD(INT(MOD(INT(((4294967295-F22))/1),256)/2^7),2)*128)*1+(MOD(INT(MOD(INT((E22)/256),256)/2^0),2)*MOD(INT(MOD(INT(((4294967295-F22))/256),256)/2^0),2)*1+MOD(INT(MOD(INT((E22)/256),256)/2^1),2)*MOD(INT(MOD(INT(((4294967295-F22))/256),256)/2^1),2)*2+MOD(INT(MOD(INT((E22)/256),256)/2^2),2)*MOD(INT(MOD(INT(((4294967295-F22))/256),256)/2^2),2)*4+MOD(INT(MOD(INT((E22)/256),256)/2^3),2)*MOD(INT(MOD(INT(((4294967295-F22))/256),256)/2^3),2)*8+MOD(INT(MOD(INT((E22)/256),256)/2^4),2)*MOD(INT(MOD(INT(((4294967295-F22))/256),256)/2^4),2)*16+MOD(INT(MOD(INT((E22)/256),256)/2^5),2)*MOD(INT(MOD(INT(((4294967295-F22))/256),256)/2^5),2)*32+MOD(INT(MOD(INT((E22)/256),256)/2^6),2)*MOD(INT(MOD(INT(((4294967295-F22))/256),256)/2^6),2)*64+MOD(INT(MOD(INT((E22)/256),256)/2^7),2)*MOD(INT(MOD(INT(((4294967295-F22))/256),256)/2^7),2)*128)*256+(MOD(INT(MOD(INT((E22)/65536),256)/2^0),2)*MOD(INT(MOD(INT(((4294967295-F22))/65536),256)/2^0),2)*1+MOD(INT(MOD(INT((E22)/65536),256)/2^1),2)*MOD(INT(MOD(INT(((4294967295-F22))/65536),256)/2^1),2)*2+MOD(INT(MOD(INT((E22)/65536),256)/2^2),2)*MOD(INT(MOD(INT(((4294967295-F22))/65536),256)/2^2),2)*4+MOD(INT(MOD(INT((E22)/65536),256)/2^3),2)*MOD(INT(MOD(INT(((4294967295-F22))/65536),256)/2^3),2)*8+MOD(INT(MOD(INT((E22)/65536),256)/2^4),2)*MOD(INT(MOD(INT(((4294967295-F22))/65536),256)/2^4),2)*16+MOD(INT(MOD(INT((E22)/65536),256)/2^5),2)*MOD(INT(MOD(INT(((4294967295-F22))/65536),256)/2^5),2)*32+MOD(INT(MOD(INT((E22)/65536),256)/2^6),2)*MOD(INT(MOD(INT(((4294967295-F22))/65536),256)/2^6),2)*64+MOD(INT(MOD(INT((E22)/65536),256)/2^7),2)*MOD(INT(MOD(INT(((4294967295-F22))/65536),256)/2^7),2)*128)*65536+(MOD(INT(MOD(INT((E22)/16777216),256)/2^0),2)*MOD(INT(MOD(INT(((4294967295-F22))/16777216),256)/2^0),2)*1+MOD(INT(MOD(INT((E22)/16777216),256)/2^1),2)*MOD(INT(MOD(INT(((4294967295-F22))/16777216),256)/2^1),2)*2+MOD(INT(MOD(INT((E22)/16777216),256)/2^2),2)*MOD(INT(MOD(INT(((4294967295-F22))/16777216),256)/2^2),2)*4+MOD(INT(MOD(INT((E22)/16777216),256)/2^3),2)*MOD(INT(MOD(INT(((4294967295-F22))/16777216),256)/2^3),2)*8+MOD(INT(MOD(INT((E22)/16777216),256)/2^4),2)*MOD(INT(MOD(INT(((4294967295-F22))/16777216),256)/2^4),2)*16+MOD(INT(MOD(INT((E22)/16777216),256)/2^5),2)*MOD(INT(MOD(INT(((4294967295-F22))/16777216),256)/2^5),2)*32+MOD(INT(MOD(INT((E22)/16777216),256)/2^6),2)*MOD(INT(MOD(INT(((4294967295-F22))/16777216),256)/2^6),2)*64+MOD(INT(MOD(INT((E22)/16777216),256)/2^7),2)*MOD(INT(MOD(INT(((4294967295-F22))/16777216),256)/2^7),2)*128)*16777216) -> 637612096 | I23: — | J23: =MOD(G23+H23,4294967296) -> 4261753178 | K23: =(0)+(0)*256+(0)*65536+(0)*16777216 -> 0 | L23: ='📦 MD5 Constants'!C21 -> 3225465664 | M23: ='📦 MD5 Constants'!H21 -> 9 | N23: =MOD(C22+J23+K23+'📦 MD5 Constants'!C21,4294967296) -> 3185272136 | O23: =MOD(MOD(N23,2^23)*2^9+INT(N23/2^23),4294967296) -> 3066728827 | P23: =D23 -> 2966398613 | Q23: op=18 g=M[6] shift=9
B24: 19 | C24: =F23 -> 3063134556 | D24: =MOD(D23+O24,4294967296) -> 3545851020 | E24: =D23 -> 2966398613 | F24: =E23 -> 4194637082 | G24: =((MOD(INT(MOD(INT((D23)/1),256)/2^0),2)*MOD(INT(MOD(INT((F23)/1),256)/2^0),2)*1+MOD(INT(MOD(INT((D23)/1),256)/2^1),2)*MOD(INT(MOD(INT((F23)/1),256)/2^1),2)*2+MOD(INT(MOD(INT((D23)/1),256)/2^2),2)*MOD(INT(MOD(INT((F23)/1),256)/2^2),2)*4+MOD(INT(MOD(INT((D23)/1),256)/2^3),2)*MOD(INT(MOD(INT((F23)/1),256)/2^3),2)*8+MOD(INT(MOD(INT((D23)/1),256)/2^4),2)*MOD(INT(MOD(INT((F23)/1),256)/2^4),2)*16+MOD(INT(MOD(INT((D23)/1),256)/2^5),2)*MOD(INT(MOD(INT((F23)/1),256)/2^5),2)*32+MOD(INT(MOD(INT((D23)/1),256)/2^6),2)*MOD(INT(MOD(INT((F23)/1),256)/2^6),2)*64+MOD(INT(MOD(INT((D23)/1),256)/2^7),2)*MOD(INT(MOD(INT((F23)/1),256)/2^7),2)*128)*1+(MOD(INT(MOD(INT((D23)/256),256)/2^0),2)*MOD(INT(MOD(INT((F23)/256),256)/2^0),2)*1+MOD(INT(MOD(INT((D23)/256),256)/2^1),2)*MOD(INT(MOD(INT((F23)/256),256)/2^1),2)*2+MOD(INT(MOD(INT((D23)/256),256)/2^2),2)*MOD(INT(MOD(INT((F23)/256),256)/2^2),2)*4+MOD(INT(MOD(INT((D23)/256),256)/2^3),2)*MOD(INT(MOD(INT((F23)/256),256)/2^3),2)*8+MOD(INT(MOD(INT((D23)/256),256)/2^4),2)*MOD(INT(MOD(INT((F23)/256),256)/2^4),2)*16+MOD(INT(MOD(INT((D23)/256),256)/2^5),2)*MOD(INT(MOD(INT((F23)/256),256)/2^5),2)*32+MOD(INT(MOD(INT((D23)/256),256)/2^6),2)*MOD(INT(MOD(INT((F23)/256),256)/2^6),2)*64+MOD(INT(MOD(INT((D23)/256),256)/2^7),2)*MOD(INT(MOD(INT((F23)/256),256)/2^7),2)*128)*256+(MOD(INT(MOD(INT((D23)/65536),256)/2^0),2)*MOD(INT(MOD(INT((F23)/65536),256)/2^0),2)*1+MOD(INT(MOD(INT((D23)/65536),256)/2^1),2)*MOD(INT(MOD(INT((F23)/65536),256)/2^1),2)*2+MOD(INT(MOD(INT((D23)/65536),256)/2^2),2)*MOD(INT(MOD(INT((F23)/65536),256)/2^2),2)*4+MOD(INT(MOD(INT((D23)/65536),256)/2^3),2)*MOD(INT(MOD(INT((F23)/65536),256)/2^3),2)*8+MOD(INT(MOD(INT((D23)/65536),256)/2^4),2)*MOD(INT(MOD(INT((F23)/65536),256)/2^4),2)*16+MOD(INT(MOD(INT((D23)/65536),256)/2^5),2)*MOD(INT(MOD(INT((F23)/65536),256)/2^5),2)*32+MOD(INT(MOD(INT((D23)/65536),256)/2^6),2)*MOD(INT(MOD(INT((F23)/65536),256)/2^6),2)*64+MOD(INT(MOD(INT((D23)/65536),256)/2^7),2)*MOD(INT(MOD(INT((F23)/65536),256)/2^7),2)*128)*65536+(MOD(INT(MOD(INT((D23)/16777216),256)/2^0),2)*MOD(INT(MOD(INT((F23)/16777216),256)/2^0),2)*1+MOD(INT(MOD(INT((D23)/16777216),256)/2^1),2)*MOD(INT(MOD(INT((F23)/16777216),256)/2^1),2)*2+MOD(INT(MOD(INT((D23)/16777216),256)/2^2),2)*MOD(INT(MOD(INT((F23)/16777216),256)/2^2),2)*4+MOD(INT(MOD(INT((D23)/16777216),256)/2^3),2)*MOD(INT(MOD(INT((F23)/16777216),256)/2^3),2)*8+MOD(INT(MOD(INT((D23)/16777216),256)/2^4),2)*MOD(INT(MOD(INT((F23)/16777216),256)/2^4),2)*16+MOD(INT(MOD(INT((D23)/16777216),256)/2^5),2)*MOD(INT(MOD(INT((F23)/16777216),256)/2^5),2)*32+MOD(INT(MOD(INT((D23)/16777216),256)/2^6),2)*MOD(INT(MOD(INT((F23)/16777216),256)/2^6),2)*64+MOD(INT(MOD(INT((D23)/16777216),256)/2^7),2)*MOD(INT(MOD(INT((F23)/16777216),256)/2^7),2)*128)*16777216) -> 2961416212 | H24: =((MOD(INT(MOD(INT((E23)/1),256)/2^0),2)*MOD(INT(MOD(INT(((4294967295-F23))/1),256)/2^0),2)*1+MOD(INT(MOD(INT((E23)/1),256)/2^1),2)*MOD(INT(MOD(INT(((4294967295-F23))/1),256)/2^1),2)*2+MOD(INT(MOD(INT((E23)/1),256)/2^2),2)*MOD(INT(MOD(INT(((4294967295-F23))/1),256)/2^2),2)*4+MOD(INT(MOD(INT((E23)/1),256)/2^3),2)*MOD(INT(MOD(INT(((4294967295-F23))/1),256)/2^3),2)*8+MOD(INT(MOD(INT((E23)/1),256)/2^4),2)*MOD(INT(MOD(INT(((4294967295-F23))/1),256)/2^4),2)*16+MOD(INT(MOD(INT((E23)/1),256)/2^5),2)*MOD(INT(MOD(INT(((4294967295-F23))/1),256)/2^5),2)*32+MOD(INT(MOD(INT((E23)/1),256)/2^6),2)*MOD(INT(MOD(INT(((4294967295-F23))/1),256)/2^6),2)*64+MOD(INT(MOD(INT((E23)/1),256)/2^7),2)*MOD(INT(MOD(INT(((4294967295-F23))/1),256)/2^7),2)*128)*1+(MOD(INT(MOD(INT((E23)/256),256)/2^0),2)*MOD(INT(MOD(INT(((4294967295-F23))/256),256)/2^0),2)*1+MOD(INT(MOD(INT((E23)/256),256)/2^1),2)*MOD(INT(MOD(INT(((4294967295-F23))/256),256)/2^1),2)*2+MOD(INT(MOD(INT((E23)/256),256)/2^2),2)*MOD(INT(MOD(INT(((4294967295-F23))/256),256)/2^2),2)*4+MOD(INT(MOD(INT((E23)/256),256)/2^3),2)*MOD(INT(MOD(INT(((4294967295-F23))/256),256)/2^3),2)*8+MOD(INT(MOD(INT((E23)/256),256)/2^4),2)*MOD(INT(MOD(INT(((4294967295-F23))/256),256)/2^4),2)*16+MOD(INT(MOD(INT((E23)/256),256)/2^5),2)*MOD(INT(MOD(INT(((4294967295-F23))/256),256)/2^5),2)*32+MOD(INT(MOD(INT((E23)/256),256)/2^6),2)*MOD(INT(MOD(INT(((4294967295-F23))/256),256)/2^6),2)*64+MOD(INT(MOD(INT((E23)/256),256)/2^7),2)*MOD(INT(MOD(INT(((4294967295-F23))/256),256)/2^7),2)*128)*256+(MOD(INT(MOD(INT((E23)/65536),256)/2^0),2)*MOD(INT(MOD(INT(((4294967295-F23))/65536),256)/2^0),2)*1+MOD(INT(MOD(INT((E23)/65536),256)/2^1),2)*MOD(INT(MOD(INT(((4294967295-F23))/65536),256)/2^1),2)*2+MOD(INT(MOD(INT((E23)/65536),256)/2^2),2)*MOD(INT(MOD(INT(((4294967295-F23))/65536),256)/2^2),2)*4+MOD(INT(MOD(INT((E23)/65536),256)/2^3),2)*MOD(INT(MOD(INT(((4294967295-F23))/65536),256)/2^3),2)*8+MOD(INT(MOD(INT((E23)/65536),256)/2^4),2)*MOD(INT(MOD(INT(((4294967295-F23))/65536),256)/2^4),2)*16+MOD(INT(MOD(INT((E23)/65536),256)/2^5),2)*MOD(INT(MOD(INT(((4294967295-F23))/65536),256)/2^5),2)*32+MOD(INT(MOD(INT((E23)/65536),256)/2^6),2)*MOD(INT(MOD(INT(((4294967295-F23))/65536),256)/2^6),2)*64+MOD(INT(MOD(INT((E23)/65536),256)/2^7),2)*MOD(INT(MOD(INT(((4294967295-F23))/65536),256)/2^7),2)*128)*65536+(MOD(INT(MOD(INT((E23)/16777216),256)/2^0),2)*MOD(INT(MOD(INT(((4294967295-F23))/16777216),256)/2^0),2)*1+MOD(INT(MOD(INT((E23)/16777216),256)/2^1),2)*MOD(INT(MOD(INT(((4294967295-F23))/16777216),256)/2^1),2)*2+MOD(INT(MOD(INT((E23)/16777216),256)/2^2),2)*MOD(INT(MOD(INT(((4294967295-F23))/16777216),256)/2^2),2)*4+MOD(INT(MOD(INT((E23)/16777216),256)/2^3),2)*MOD(INT(MOD(INT(((4294967295-F23))/16777216),256)/2^3),2)*8+MOD(INT(MOD(INT((E23)/16777216),256)/2^4),2)*MOD(INT(MOD(INT(((4294967295-F23))/16777216),256)/2^4),2)*16+MOD(INT(MOD(INT((E23)/16777216),256)/2^5),2)*MOD(INT(MOD(INT(((4294967295-F23))/16777216),256)/2^5),2)*32+MOD(INT(MOD(INT((E23)/16777216),256)/2^6),2)*MOD(INT(MOD(INT(((4294967295-F23))/16777216),256)/2^6),2)*64+MOD(INT(MOD(INT((E23)/16777216),256)/2^7),2)*MOD(INT(MOD(INT(((4294967295-F23))/16777216),256)/2^7),2)*128)*16777216) -> 1208222722 | I24: — | J24: =MOD(G24+H24,4294967296) -> 4169638934 | K24: =(0)+(0)*256+(0)*65536+(0)*16777216 -> 0 | L24: ='📦 MD5 Constants'!C22 -> 643717713 | M24: ='📦 MD5 Constants'!H22 -> 14 | N24: =MOD(C23+J24+K24+'📦 MD5 Constants'!C22,4294967296) -> 4158425638 | O24: =MOD(MOD(N24,2^18)*2^14+INT(N24/2^18),4294967296) -> 579452407 | P24: =D24 -> 3545851020 | Q24: op=19 g=M[11] shift=14
B25: 20 | C25: =F24 -> 4194637082 | D25: =MOD(D24+O25,4294967296) -> 2736217268 | E25: =D24 -> 3545851020 | F25: =E24 -> 2966398613 | G25: =((MOD(INT(MOD(INT((D24)/1),256)/2^0),2)*MOD(INT(MOD(INT((F24)/1),256)/2^0),2)*1+MOD(INT(MOD(INT((D24)/1),256)/2^1),2)*MOD(INT(MOD(INT((F24)/1),256)/2^1),2)*2+MOD(INT(MOD(INT((D24)/1),256)/2^2),2)*MOD(INT(MOD(INT((F24)/1),256)/2^2),2)*4+MOD(INT(MOD(INT((D24)/1),256)/2^3),2)*MOD(INT(MOD(INT((F24)/1),256)/2^3),2)*8+MOD(INT(MOD(INT((D24)/1),256)/2^4),2)*MOD(INT(MOD(INT((F24)/1),256)/2^4),2)*16+MOD(INT(MOD(INT((D24)/1),256)/2^5),2)*MOD(INT(MOD(INT((F24)/1),256)/2^5),2)*32+MOD(INT(MOD(INT((D24)/1),256)/2^6),2)*MOD(INT(MOD(INT((F24)/1),256)/2^6),2)*64+MOD(INT(MOD(INT((D24)/1),256)/2^7),2)*MOD(INT(MOD(INT((F24)/1),256)/2^7),2)*128)*1+(MOD(INT(MOD(INT((D24)/256),256)/2^0),2)*MOD(INT(MOD(INT((F24)/256),256)/2^0),2)*1+MOD(INT(MOD(INT((D24)/256),256)/2^1),2)*MOD(INT(MOD(INT((F24)/256),256)/2^1),2)*2+MOD(INT(MOD(INT((D24)/256),256)/2^2),2)*MOD(INT(MOD(INT((F24)/256),256)/2^2),2)*4+MOD(INT(MOD(INT((D24)/256),256)/2^3),2)*MOD(INT(MOD(INT((F24)/256),256)/2^3),2)*8+MOD(INT(MOD(INT((D24)/256),256)/2^4),2)*MOD(INT(MOD(INT((F24)/256),256)/2^4),2)*16+MOD(INT(MOD(INT((D24)/256),256)/2^5),2)*MOD(INT(MOD(INT((F24)/256),256)/2^5),2)*32+MOD(INT(MOD(INT((D24)/256),256)/2^6),2)*MOD(INT(MOD(INT((F24)/256),256)/2^6),2)*64+MOD(INT(MOD(INT((D24)/256),256)/2^7),2)*MOD(INT(MOD(INT((F24)/256),256)/2^7),2)*128)*256+(MOD(INT(MOD(INT((D24)/65536),256)/2^0),2)*MOD(INT(MOD(INT((F24)/65536),256)/2^0),2)*1+MOD(INT(MOD(INT((D24)/65536),256)/2^1),2)*MOD(INT(MOD(INT((F24)/65536),256)/2^1),2)*2+MOD(INT(MOD(INT((D24)/65536),256)/2^2),2)*MOD(INT(MOD(INT((F24)/65536),256)/2^2),2)*4+MOD(INT(MOD(INT((D24)/65536),256)/2^3),2)*MOD(INT(MOD(INT((F24)/65536),256)/2^3),2)*8+MOD(INT(MOD(INT((D24)/65536),256)/2^4),2)*MOD(INT(MOD(INT((F24)/65536),256)/2^4),2)*16+MOD(INT(MOD(INT((D24)/65536),256)/2^5),2)*MOD(INT(MOD(INT((F24)/65536),256)/2^5),2)*32+MOD(INT(MOD(INT((D24)/65536),256)/2^6),2)*MOD(INT(MOD(INT((F24)/65536),256)/2^6),2)*64+MOD(INT(MOD(INT((D24)/65536),256)/2^7),2)*MOD(INT(MOD(INT((F24)/65536),256)/2^7),2)*128)*65536+(MOD(INT(MOD(INT((D24)/16777216),256)/2^0),2)*MOD(INT(MOD(INT((F24)/16777216),256)/2^0),2)*1+MOD(INT(MOD(INT((D24)/16777216),256)/2^1),2)*MOD(INT(MOD(INT((F24)/16777216),256)/2^1),2)*2+MOD(INT(MOD(INT((D24)/16777216),256)/2^2),2)*MOD(INT(MOD(INT((F24)/16777216),256)/2^2),2)*4+MOD(INT(MOD(INT((D24)/16777216),256)/2^3),2)*MOD(INT(MOD(INT((F24)/16777216),256)/2^3),2)*8+MOD(INT(MOD(INT((D24)/16777216),256)/2^4),2)*MOD(INT(MOD(INT((F24)/16777216),256)/2^4),2)*16+MOD(INT(MOD(INT((D24)/16777216),256)/2^5),2)*MOD(INT(MOD(INT((F24)/16777216),256)/2^5),2)*32+MOD(INT(MOD(INT((D24)/16777216),256)/2^6),2)*MOD(INT(MOD(INT((F24)/16777216),256)/2^6),2)*64+MOD(INT(MOD(INT((D24)/16777216),256)/2^7),2)*MOD(INT(MOD(INT((F24)/16777216),256)/2^7),2)*128)*16777216) -> 3523281928 | H25: =((MOD(INT(MOD(INT((E24)/1),256)/2^0),2)*MOD(INT(MOD(INT(((4294967295-F24))/1),256)/2^0),2)*1+MOD(INT(MOD(INT((E24)/1),256)/2^1),2)*MOD(INT(MOD(INT(((4294967295-F24))/1),256)/2^1),2)*2+MOD(INT(MOD(INT((E24)/1),256)/2^2),2)*MOD(INT(MOD(INT(((4294967295-F24))/1),256)/2^2),2)*4+MOD(INT(MOD(INT((E24)/1),256)/2^3),2)*MOD(INT(MOD(INT(((4294967295-F24))/1),256)/2^3),2)*8+MOD(INT(MOD(INT((E24)/1),256)/2^4),2)*MOD(INT(MOD(INT(((4294967295-F24))/1),256)/2^4),2)*16+MOD(INT(MOD(INT((E24)/1),256)/2^5),2)*MOD(INT(MOD(INT(((4294967295-F24))/1),256)/2^5),2)*32+MOD(INT(MOD(INT((E24)/1),256)/2^6),2)*MOD(INT(MOD(INT(((4294967295-F24))/1),256)/2^6),2)*64+MOD(INT(MOD(INT((E24)/1),256)/2^7),2)*MOD(INT(MOD(INT(((4294967295-F24))/1),256)/2^7),2)*128)*1+(MOD(INT(MOD(INT((E24)/256),256)/2^0),2)*MOD(INT(MOD(INT(((4294967295-F24))/256),256)/2^0),2)*1+MOD(INT(MOD(INT((E24)/256),256)/2^1),2)*MOD(INT(MOD(INT(((4294967295-F24))/256),256)/2^1),2)*2+MOD(INT(MOD(INT((E24)/256),256)/2^2),2)*MOD(INT(MOD(INT(((4294967295-F24))/256),256)/2^2),2)*4+MOD(INT(MOD(INT((E24)/256),256)/2^3),2)*MOD(INT(MOD(INT(((4294967295-F24))/256),256)/2^3),2)*8+MOD(INT(MOD(INT((E24)/256),256)/2^4),2)*MOD(INT(MOD(INT(((4294967295-F24))/256),256)/2^4),2)*16+MOD(INT(MOD(INT((E24)/256),256)/2^5),2)*MOD(INT(MOD(INT(((4294967295-F24))/256),256)/2^5),2)*32+MOD(INT(MOD(INT((E24)/256),256)/2^6),2)*MOD(INT(MOD(INT(((4294967295-F24))/256),256)/2^6),2)*64+MOD(INT(MOD(INT((E24)/256),256)/2^7),2)*MOD(INT(MOD(INT(((4294967295-F24))/256),256)/2^7),2)*128)*256+(MOD(INT(MOD(INT((E24)/65536),256)/2^0),2)*MOD(INT(MOD(INT(((4294967295-F24))/65536),256)/2^0),2)*1+MOD(INT(MOD(INT((E24)/65536),256)/2^1),2)*MOD(INT(MOD(INT(((4294967295-F24))/65536),256)/2^1),2)*2+MOD(INT(MOD(INT((E24)/65536),256)/2^2),2)*MOD(INT(MOD(INT(((4294967295-F24))/65536),256)/2^2),2)*4+MOD(INT(MOD(INT((E24)/65536),256)/2^3),2)*MOD(INT(MOD(INT(((4294967295-F24))/65536),256)/2^3),2)*8+MOD(INT(MOD(INT((E24)/65536),256)/2^4),2)*MOD(INT(MOD(INT(((4294967295-F24))/65536),256)/2^4),2)*16+MOD(INT(MOD(INT((E24)/65536),256)/2^5),2)*MOD(INT(MOD(INT(((4294967295-F24))/65536),256)/2^5),2)*32+MOD(INT(MOD(INT((E24)/65536),256)/2^6),2)*MOD(INT(MOD(INT(((4294967295-F24))/65536),256)/2^6),2)*64+MOD(INT(MOD(INT((E24)/65536),256)/2^7),2)*MOD(INT(MOD(INT(((4294967295-F24))/65536),256)/2^7),2)*128)*65536+(MOD(INT(MOD(INT((E24)/16777216),256)/2^0),2)*MOD(INT(MOD(INT(((4294967295-F24))/16777216),256)/2^0),2)*1+MOD(INT(MOD(INT((E24)/16777216),256)/2^1),2)*MOD(INT(MOD(INT(((4294967295-F24))/16777216),256)/2^1),2)*2+MOD(INT(MOD(INT((E24)/16777216),256)/2^2),2)*MOD(INT(MOD(INT(((4294967295-F24))/16777216),256)/2^2),2)*4+MOD(INT(MOD(INT((E24)/16777216),256)/2^3),2)*MOD(INT(MOD(INT(((4294967295-F24))/16777216),256)/2^3),2)*8+MOD(INT(MOD(INT((E24)/16777216),256)/2^4),2)*MOD(INT(MOD(INT(((4294967295-F24))/16777216),256)/2^4),2)*16+MOD(INT(MOD(INT((E24)/16777216),256)/2^5),2)*MOD(INT(MOD(INT(((4294967295-F24))/16777216),256)/2^5),2)*32+MOD(INT(MOD(INT((E24)/16777216),256)/2^6),2)*MOD(INT(MOD(INT(((4294967295-F24))/16777216),256)/2^6),2)*64+MOD(INT(MOD(INT((E24)/16777216),256)/2^7),2)*MOD(INT(MOD(INT(((4294967295-F24))/16777216),256)/2^7),2)*128)*16777216) -> 13279877 | I25: — | J25: =MOD(G25+H25,4294967296) -> 3536561805 | K25: =(IF(LEN('🔐 MD5'!B5)>0,CODE(MID('🔐 MD5'!B5,1,1)),IF(LEN('🔐 MD5'!B5)=0,128,0)))+(IF(LEN('🔐 MD5'!B5)>1,CODE(MID('🔐 MD5'!B5,2,1)),IF(LEN('🔐 MD5'!B5)=1,128,0)))*256+(IF(LEN('🔐 MD5'!B5)>2,CODE(MID('🔐 MD5'!B5,3,1)),IF(LEN('🔐 MD5'!B5)=2,128,0)))*65536+(IF(LEN('🔐 MD5'!B5)>3,CODE(MID('🔐 MD5'!B5,4,1)),IF(LEN('🔐 MD5'!B5)=3,128,0)))*16777216 -> 1819043176 | L25: ='📦 MD5 Constants'!C23 -> 3921069994 | M25: ='📦 MD5 Constants'!H23 -> 20 | N25: =MOD(C24+J25+K25+'📦 MD5 Constants'!C23,4294967296) -> 3749874939 | O25: =MOD(MOD(N25,2^12)*2^20+INT(N25/2^12),4294967296) -> 3485333544 | P25: =D25 -> 2736217268 | Q25: op=20 g=M[0] shift=20
B26: 21 | C26: =F25 -> 2966398613 | D26: =MOD(D25+O26,4294967296) -> 210018090 | E26: =D25 -> 2736217268 | F26: =E25 -> 3545851020 | G26: =((MOD(INT(MOD(INT((D25)/1),256)/2^0),2)*MOD(INT(MOD(INT((F25)/1),256)/2^0),2)*1+MOD(INT(MOD(INT((D25)/1),256)/2^1),2)*MOD(INT(MOD(INT((F25)/1),256)/2^1),2)*2+MOD(INT(MOD(INT((D25)/1),256)/2^2),2)*MOD(INT(MOD(INT((F25)/1),256)/2^2),2)*4+MOD(INT(MOD(INT((D25)/1),256)/2^3),2)*MOD(INT(MOD(INT((F25)/1),256)/2^3),2)*8+MOD(INT(MOD(INT((D25)/1),256)/2^4),2)*MOD(INT(MOD(INT((F25)/1),256)/2^4),2)*16+MOD(INT(MOD(INT((D25)/1),256)/2^5),2)*MOD(INT(MOD(INT((F25)/1),256)/2^5),2)*32+MOD(INT(MOD(INT((D25)/1),256)/2^6),2)*MOD(INT(MOD(INT((F25)/1),256)/2^6),2)*64+MOD(INT(MOD(INT((D25)/1),256)/2^7),2)*MOD(INT(MOD(INT((F25)/1),256)/2^7),2)*128)*1+(MOD(INT(MOD(INT((D25)/256),256)/2^0),2)*MOD(INT(MOD(INT((F25)/256),256)/2^0),2)*1+MOD(INT(MOD(INT((D25)/256),256)/2^1),2)*MOD(INT(MOD(INT((F25)/256),256)/2^1),2)*2+MOD(INT(MOD(INT((D25)/256),256)/2^2),2)*MOD(INT(MOD(INT((F25)/256),256)/2^2),2)*4+MOD(INT(MOD(INT((D25)/256),256)/2^3),2)*MOD(INT(MOD(INT((F25)/256),256)/2^3),2)*8+MOD(INT(MOD(INT((D25)/256),256)/2^4),2)*MOD(INT(MOD(INT((F25)/256),256)/2^4),2)*16+MOD(INT(MOD(INT((D25)/256),256)/2^5),2)*MOD(INT(MOD(INT((F25)/256),256)/2^5),2)*32+MOD(INT(MOD(INT((D25)/256),256)/2^6),2)*MOD(INT(MOD(INT((F25)/256),256)/2^6),2)*64+MOD(INT(MOD(INT((D25)/256),256)/2^7),2)*MOD(INT(MOD(INT((F25)/256),256)/2^7),2)*128)*256+(MOD(INT(MOD(INT((D25)/65536),256)/2^0),2)*MOD(INT(MOD(INT((F25)/65536),256)/2^0),2)*1+MOD(INT(MOD(INT((D25)/65536),256)/2^1),2)*MOD(INT(MOD(INT((F25)/65536),256)/2^1),2)*2+MOD(INT(MOD(INT((D25)/65536),256)/2^2),2)*MOD(INT(MOD(INT((F25)/65536),256)/2^2),2)*4+MOD(INT(MOD(INT((D25)/65536),256)/2^3),2)*MOD(INT(MOD(INT((F25)/65536),256)/2^3),2)*8+MOD(INT(MOD(INT((D25)/65536),256)/2^4),2)*MOD(INT(MOD(INT((F25)/65536),256)/2^4),2)*16+MOD(INT(MOD(INT((D25)/65536),256)/2^5),2)*MOD(INT(MOD(INT((F25)/65536),256)/2^5),2)*32+MOD(INT(MOD(INT((D25)/65536),256)/2^6),2)*MOD(INT(MOD(INT((F25)/65536),256)/2^6),2)*64+MOD(INT(MOD(INT((D25)/65536),256)/2^7),2)*MOD(INT(MOD(INT((F25)/65536),256)/2^7),2)*128)*65536+(MOD(INT(MOD(INT((D25)/16777216),256)/2^0),2)*MOD(INT(MOD(INT((F25)/16777216),256)/2^0),2)*1+MOD(INT(MOD(INT((D25)/16777216),256)/2^1),2)*MOD(INT(MOD(INT((F25)/16777216),256)/2^1),2)*2+MOD(INT(MOD(INT((D25)/16777216),256)/2^2),2)*MOD(INT(MOD(INT((F25)/16777216),256)/2^2),2)*4+MOD(INT(MOD(INT((D25)/16777216),256)/2^3),2)*MOD(INT(MOD(INT((F25)/16777216),256)/2^3),2)*8+MOD(INT(MOD(INT((D25)/16777216),256)/2^4),2)*MOD(INT(MOD(INT((F25)/16777216),256)/2^4),2)*16+MOD(INT(MOD(INT((D25)/16777216),256)/2^5),2)*MOD(INT(MOD(INT((F25)/16777216),256)/2^5),2)*32+MOD(INT(MOD(INT((D25)/16777216),256)/2^6),2)*MOD(INT(MOD(INT((F25)/16777216),256)/2^6),2)*64+MOD(INT(MOD(INT((D25)/16777216),256)/2^7),2)*MOD(INT(MOD(INT((F25)/16777216),256)/2^7),2)*128)*16777216) -> 2684814484 | H26: =((MOD(INT(MOD(INT((E25)/1),256)/2^0),2)*MOD(INT(MOD(INT(((4294967295-F25))/1),256)/2^0),2)*1+MOD(INT(MOD(INT((E25)/1),256)/2^1),2)*MOD(INT(MOD(INT(((4294967295-F25))/1),256)/2^1),2)*2+MOD(INT(MOD(INT((E25)/1),256)/2^2),2)*MOD(INT(MOD(INT(((4294967295-F25))/1),256)/2^2),2)*4+MOD(INT(MOD(INT((E25)/1),256)/2^3),2)*MOD(INT(MOD(INT(((4294967295-F25))/1),256)/2^3),2)*8+MOD(INT(MOD(INT((E25)/1),256)/2^4),2)*MOD(INT(MOD(INT(((4294967295-F25))/1),256)/2^4),2)*16+MOD(INT(MOD(INT((E25)/1),256)/2^5),2)*MOD(INT(MOD(INT(((4294967295-F25))/1),256)/2^5),2)*32+MOD(INT(MOD(INT((E25)/1),256)/2^6),2)*MOD(INT(MOD(INT(((4294967295-F25))/1),256)/2^6),2)*64+MOD(INT(MOD(INT((E25)/1),256)/2^7),2)*MOD(INT(MOD(INT(((4294967295-F25))/1),256)/2^7),2)*128)*1+(MOD(INT(MOD(INT((E25)/256),256)/2^0),2)*MOD(INT(MOD(INT(((4294967295-F25))/256),256)/2^0),2)*1+MOD(INT(MOD(INT((E25)/256),256)/2^1),2)*MOD(INT(MOD(INT(((4294967295-F25))/256),256)/2^1),2)*2+MOD(INT(MOD(INT((E25)/256),256)/2^2),2)*MOD(INT(MOD(INT(((4294967295-F25))/256),256)/2^2),2)*4+MOD(INT(MOD(INT((E25)/256),256)/2^3),2)*MOD(INT(MOD(INT(((4294967295-F25))/256),256)/2^3),2)*8+MOD(INT(MOD(INT((E25)/256),256)/2^4),2)*MOD(INT(MOD(INT(((4294967295-F25))/256),256)/2^4),2)*16+MOD(INT(MOD(INT((E25)/256),256)/2^5),2)*MOD(INT(MOD(INT(((4294967295-F25))/256),256)/2^5),2)*32+MOD(INT(MOD(INT((E25)/256),256)/2^6),2)*MOD(INT(MOD(INT(((4294967295-F25))/256),256)/2^6),2)*64+MOD(INT(MOD(INT((E25)/256),256)/2^7),2)*MOD(INT(MOD(INT(((4294967295-F25))/256),256)/2^7),2)*128)*256+(MOD(INT(MOD(INT((E25)/65536),256)/2^0),2)*MOD(INT(MOD(INT(((4294967295-F25))/65536),256)/2^0),2)*1+MOD(INT(MOD(INT((E25)/65536),256)/2^1),2)*MOD(INT(MOD(INT(((4294967295-F25))/65536),256)/2^1),2)*2+MOD(INT(MOD(INT((E25)/65536),256)/2^2),2)*MOD(INT(MOD(INT(((4294967295-F25))/65536),256)/2^2),2)*4+MOD(INT(MOD(INT((E25)/65536),256)/2^3),2)*MOD(INT(MOD(INT(((4294967295-F25))/65536),256)/2^3),2)*8+MOD(INT(MOD(INT((E25)/65536),256)/2^4),2)*MOD(INT(MOD(INT(((4294967295-F25))/65536),256)/2^4),2)*16+MOD(INT(MOD(INT((E25)/65536),256)/2^5),2)*MOD(INT(MOD(INT(((4294967295-F25))/65536),256)/2^5),2)*32+MOD(INT(MOD(INT((E25)/65536),256)/2^6),2)*MOD(INT(MOD(INT(((4294967295-F25))/65536),256)/2^6),2)*64+MOD(INT(MOD(INT((E25)/65536),256)/2^7),2)*MOD(INT(MOD(INT(((4294967295-F25))/65536),256)/2^7),2)*128)*65536+(MOD(INT(MOD(INT((E25)/16777216),256)/2^0),2)*MOD(INT(MOD(INT(((4294967295-F25))/16777216),256)/2^0),2)*1+MOD(INT(MOD(INT((E25)/16777216),256)/2^1),2)*MOD(INT(MOD(INT(((4294967295-F25))/16777216),256)/2^1),2)*2+MOD(INT(MOD(INT((E25)/16777216),256)/2^2),2)*MOD(INT(MOD(INT(((4294967295-F25))/16777216),256)/2^2),2)*4+MOD(INT(MOD(INT((E25)/16777216),256)/2^3),2)*MOD(INT(MOD(INT(((4294967295-F25))/16777216),256)/2^3),2)*8+MOD(INT(MOD(INT((E25)/16777216),256)/2^4),2)*MOD(INT(MOD(INT(((4294967295-F25))/16777216),256)/2^4),2)*16+MOD(INT(MOD(INT((E25)/16777216),256)/2^5),2)*MOD(INT(MOD(INT(((4294967295-F25))/16777216),256)/2^5),2)*32+MOD(INT(MOD(INT((E25)/16777216),256)/2^6),2)*MOD(INT(MOD(INT(((4294967295-F25))/16777216),256)/2^6),2)*64+MOD(INT(MOD(INT((E25)/16777216),256)/2^7),2)*MOD(INT(MOD(INT(((4294967295-F25))/16777216),256)/2^7),2)*128)*16777216) -> 1125138440 | I26: — | J26: =MOD(G26+H26,4294967296) -> 3809952924 | K26: =(0)+(0)*256+(0)*65536+(0)*16777216 -> 0 | L26: ='📦 MD5 Constants'!C24 -> 3593408605 | M26: ='📦 MD5 Constants'!H24 -> 5 | N26: =MOD(C25+J26+K26+'📦 MD5 Constants'!C24,4294967296) -> 3008064019 | O26: =MOD(MOD(N26,2^27)*2^5+INT(N26/2^27),4294967296) -> 1768768118 | P26: =D26 -> 210018090 | Q26: op=21 g=M[5] shift=5
B27: 22 | C27: =F26 -> 3545851020 | D27: =MOD(D26+O27,4294967296) -> 1077076176 | E27: =D26 -> 210018090 | F27: =E26 -> 2736217268 | G27: =((MOD(INT(MOD(INT((D26)/1),256)/2^0),2)*MOD(INT(MOD(INT((F26)/1),256)/2^0),2)*1+MOD(INT(MOD(INT((D26)/1),256)/2^1),2)*MOD(INT(MOD(INT((F26)/1),256)/2^1),2)*2+MOD(INT(MOD(INT((D26)/1),256)/2^2),2)*MOD(INT(MOD(INT((F26)/1),256)/2^2),2)*4+MOD(INT(MOD(INT((D26)/1),256)/2^3),2)*MOD(INT(MOD(INT((F26)/1),256)/2^3),2)*8+MOD(INT(MOD(INT((D26)/1),256)/2^4),2)*MOD(INT(MOD(INT((F26)/1),256)/2^4),2)*16+MOD(INT(MOD(INT((D26)/1),256)/2^5),2)*MOD(INT(MOD(INT((F26)/1),256)/2^5),2)*32+MOD(INT(MOD(INT((D26)/1),256)/2^6),2)*MOD(INT(MOD(INT((F26)/1),256)/2^6),2)*64+MOD(INT(MOD(INT((D26)/1),256)/2^7),2)*MOD(INT(MOD(INT((F26)/1),256)/2^7),2)*128)*1+(MOD(INT(MOD(INT((D26)/256),256)/2^0),2)*MOD(INT(MOD(INT((F26)/256),256)/2^0),2)*1+MOD(INT(MOD(INT((D26)/256),256)/2^1),2)*MOD(INT(MOD(INT((F26)/256),256)/2^1),2)*2+MOD(INT(MOD(INT((D26)/256),256)/2^2),2)*MOD(INT(MOD(INT((F26)/256),256)/2^2),2)*4+MOD(INT(MOD(INT((D26)/256),256)/2^3),2)*MOD(INT(MOD(INT((F26)/256),256)/2^3),2)*8+MOD(INT(MOD(INT((D26)/256),256)/2^4),2)*MOD(INT(MOD(INT((F26)/256),256)/2^4),2)*16+MOD(INT(MOD(INT((D26)/256),256)/2^5),2)*MOD(INT(MOD(INT((F26)/256),256)/2^5),2)*32+MOD(INT(MOD(INT((D26)/256),256)/2^6),2)*MOD(INT(MOD(INT((F26)/256),256)/2^6),2)*64+MOD(INT(MOD(INT((D26)/256),256)/2^7),2)*MOD(INT(MOD(INT((F26)/256),256)/2^7),2)*128)*256+(MOD(INT(MOD(INT((D26)/65536),256)/2^0),2)*MOD(INT(MOD(INT((F26)/65536),256)/2^0),2)*1+MOD(INT(MOD(INT((D26)/65536),256)/2^1),2)*MOD(INT(MOD(INT((F26)/65536),256)/2^1),2)*2+MOD(INT(MOD(INT((D26)/65536),256)/2^2),2)*MOD(INT(MOD(INT((F26)/65536),256)/2^2),2)*4+MOD(INT(MOD(INT((D26)/65536),256)/2^3),2)*MOD(INT(MOD(INT((F26)/65536),256)/2^3),2)*8+MOD(INT(MOD(INT((D26)/65536),256)/2^4),2)*MOD(INT(MOD(INT((F26)/65536),256)/2^4),2)*16+MOD(INT(MOD(INT((D26)/65536),256)/2^5),2)*MOD(INT(MOD(INT((F26)/65536),256)/2^5),2)*32+MOD(INT(MOD(INT((D26)/65536),256)/2^6),2)*MOD(INT(MOD(INT((F26)/65536),256)/2^6),2)*64+MOD(INT(MOD(INT((D26)/65536),256)/2^7),2)*MOD(INT(MOD(INT((F26)/65536),256)/2^7),2)*128)*65536+(MOD(INT(MOD(INT((D26)/16777216),256)/2^0),2)*MOD(INT(MOD(INT((F26)/16777216),256)/2^0),2)*1+MOD(INT(MOD(INT((D26)/16777216),256)/2^1),2)*MOD(INT(MOD(INT((F26)/16777216),256)/2^1),2)*2+MOD(INT(MOD(INT((D26)/16777216),256)/2^2),2)*MOD(INT(MOD(INT((F26)/16777216),256)/2^2),2)*4+MOD(INT(MOD(INT((D26)/16777216),256)/2^3),2)*MOD(INT(MOD(INT((F26)/16777216),256)/2^3),2)*8+MOD(INT(MOD(INT((D26)/16777216),256)/2^4),2)*MOD(INT(MOD(INT((F26)/16777216),256)/2^4),2)*16+MOD(INT(MOD(INT((D26)/16777216),256)/2^5),2)*MOD(INT(MOD(INT((F26)/16777216),256)/2^5),2)*32+MOD(INT(MOD(INT((D26)/16777216),256)/2^6),2)*MOD(INT(MOD(INT((F26)/16777216),256)/2^6),2)*64+MOD(INT(MOD(INT((D26)/16777216),256)/2^7),2)*MOD(INT(MOD(INT((F26)/16777216),256)/2^7),2)*128)*16777216) -> 1032 | H27: =((MOD(INT(MOD(INT((E26)/1),256)/2^0),2)*MOD(INT(MOD(INT(((4294967295-F26))/1),256)/2^0),2)*1+MOD(INT(MOD(INT((E26)/1),256)/2^1),2)*MOD(INT(MOD(INT(((4294967295-F26))/1),256)/2^1),2)*2+MOD(INT(MOD(INT((E26)/1),256)/2^2),2)*MOD(INT(MOD(INT(((4294967295-F26))/1),256)/2^2),2)*4+MOD(INT(MOD(INT((E26)/1),256)/2^3),2)*MOD(INT(MOD(INT(((4294967295-F26))/1),256)/2^3),2)*8+MOD(INT(MOD(INT((E26)/1),256)/2^4),2)*MOD(INT(MOD(INT(((4294967295-F26))/1),256)/2^4),2)*16+MOD(INT(MOD(INT((E26)/1),256)/2^5),2)*MOD(INT(MOD(INT(((4294967295-F26))/1),256)/2^5),2)*32+MOD(INT(MOD(INT((E26)/1),256)/2^6),2)*MOD(INT(MOD(INT(((4294967295-F26))/1),256)/2^6),2)*64+MOD(INT(MOD(INT((E26)/1),256)/2^7),2)*MOD(INT(MOD(INT(((4294967295-F26))/1),256)/2^7),2)*128)*1+(MOD(INT(MOD(INT((E26)/256),256)/2^0),2)*MOD(INT(MOD(INT(((4294967295-F26))/256),256)/2^0),2)*1+MOD(INT(MOD(INT((E26)/256),256)/2^1),2)*MOD(INT(MOD(INT(((4294967295-F26))/256),256)/2^1),2)*2+MOD(INT(MOD(INT((E26)/256),256)/2^2),2)*MOD(INT(MOD(INT(((4294967295-F26))/256),256)/2^2),2)*4+MOD(INT(MOD(INT((E26)/256),256)/2^3),2)*MOD(INT(MOD(INT(((4294967295-F26))/256),256)/2^3),2)*8+MOD(INT(MOD(INT((E26)/256),256)/2^4),2)*MOD(INT(MOD(INT(((4294967295-F26))/256),256)/2^4),2)*16+MOD(INT(MOD(INT((E26)/256),256)/2^5),2)*MOD(INT(MOD(INT(((4294967295-F26))/256),256)/2^5),2)*32+MOD(INT(MOD(INT((E26)/256),256)/2^6),2)*MOD(INT(MOD(INT(((4294967295-F26))/256),256)/2^6),2)*64+MOD(INT(MOD(INT((E26)/256),256)/2^7),2)*MOD(INT(MOD(INT(((4294967295-F26))/256),256)/2^7),2)*128)*256+(MOD(INT(MOD(INT((E26)/65536),256)/2^0),2)*MOD(INT(MOD(INT(((4294967295-F26))/65536),256)/2^0),2)*1+MOD(INT(MOD(INT((E26)/65536),256)/2^1),2)*MOD(INT(MOD(INT(((4294967295-F26))/65536),256)/2^1),2)*2+MOD(INT(MOD(INT((E26)/65536),256)/2^2),2)*MOD(INT(MOD(INT(((4294967295-F26))/65536),256)/2^2),2)*4+MOD(INT(MOD(INT((E26)/65536),256)/2^3),2)*MOD(INT(MOD(INT(((4294967295-F26))/65536),256)/2^3),2)*8+MOD(INT(MOD(INT((E26)/65536),256)/2^4),2)*MOD(INT(MOD(INT(((4294967295-F26))/65536),256)/2^4),2)*16+MOD(INT(MOD(INT((E26)/65536),256)/2^5),2)*MOD(INT(MOD(INT(((4294967295-F26))/65536),256)/2^5),2)*32+MOD(INT(MOD(INT((E26)/65536),256)/2^6),2)*MOD(INT(MOD(INT(((4294967295-F26))/65536),256)/2^6),2)*64+MOD(INT(MOD(INT((E26)/65536),256)/2^7),2)*MOD(INT(MOD(INT(((4294967295-F26))/65536),256)/2^7),2)*128)*65536+(MOD(INT(MOD(INT((E26)/16777216),256)/2^0),2)*MOD(INT(MOD(INT(((4294967295-F26))/16777216),256)/2^0),2)*1+MOD(INT(MOD(INT((E26)/16777216),256)/2^1),2)*MOD(INT(MOD(INT(((4294967295-F26))/16777216),256)/2^1),2)*2+MOD(INT(MOD(INT((E26)/16777216),256)/2^2),2)*MOD(INT(MOD(INT(((4294967295-F26))/16777216),256)/2^2),2)*4+MOD(INT(MOD(INT((E26)/16777216),256)/2^3),2)*MOD(INT(MOD(INT(((4294967295-F26))/16777216),256)/2^3),2)*8+MOD(INT(MOD(INT((E26)/16777216),256)/2^4),2)*MOD(INT(MOD(INT(((4294967295-F26))/16777216),256)/2^4),2)*16+MOD(INT(MOD(INT((E26)/16777216),256)/2^5),2)*MOD(INT(MOD(INT(((4294967295-F26))/16777216),256)/2^5),2)*32+MOD(INT(MOD(INT((E26)/16777216),256)/2^6),2)*MOD(INT(MOD(INT(((4294967295-F26))/16777216),256)/2^6),2)*64+MOD(INT(MOD(INT((E26)/16777216),256)/2^7),2)*MOD(INT(MOD(INT(((4294967295-F26))/16777216),256)/2^7),2)*128)*16777216) -> 537270320 | I27: — | J27: =MOD(G27+H27,4294967296) -> 537271352 | K27: =(0)+(0)*256+(0)*65536+(0)*16777216 -> 0 | L27: ='📦 MD5 Constants'!C25 -> 38016083 | M27: ='📦 MD5 Constants'!H25 -> 9 | N27: =MOD(C26+J27+K27+'📦 MD5 Constants'!C25,4294967296) -> 3541686048 | O27: =MOD(MOD(N27,2^23)*2^9+INT(N27/2^23),4294967296) -> 867058086 | P27: =D27 -> 1077076176 | Q27: op=22 g=M[10] shift=9
B28: 23 | C28: =F27 -> 2736217268 | D28: =MOD(D27+O28,4294967296) -> 3286028019 | E28: =D27 -> 1077076176 | F28: =E27 -> 210018090 | G28: =((MOD(INT(MOD(INT((D27)/1),256)/2^0),2)*MOD(INT(MOD(INT((F27)/1),256)/2^0),2)*1+MOD(INT(MOD(INT((D27)/1),256)/2^1),2)*MOD(INT(MOD(INT((F27)/1),256)/2^1),2)*2+MOD(INT(MOD(INT((D27)/1),256)/2^2),2)*MOD(INT(MOD(INT((F27)/1),256)/2^2),2)*4+MOD(INT(MOD(INT((D27)/1),256)/2^3),2)*MOD(INT(MOD(INT((F27)/1),256)/2^3),2)*8+MOD(INT(MOD(INT((D27)/1),256)/2^4),2)*MOD(INT(MOD(INT((F27)/1),256)/2^4),2)*16+MOD(INT(MOD(INT((D27)/1),256)/2^5),2)*MOD(INT(MOD(INT((F27)/1),256)/2^5),2)*32+MOD(INT(MOD(INT((D27)/1),256)/2^6),2)*MOD(INT(MOD(INT((F27)/1),256)/2^6),2)*64+MOD(INT(MOD(INT((D27)/1),256)/2^7),2)*MOD(INT(MOD(INT((F27)/1),256)/2^7),2)*128)*1+(MOD(INT(MOD(INT((D27)/256),256)/2^0),2)*MOD(INT(MOD(INT((F27)/256),256)/2^0),2)*1+MOD(INT(MOD(INT((D27)/256),256)/2^1),2)*MOD(INT(MOD(INT((F27)/256),256)/2^1),2)*2+MOD(INT(MOD(INT((D27)/256),256)/2^2),2)*MOD(INT(MOD(INT((F27)/256),256)/2^2),2)*4+MOD(INT(MOD(INT((D27)/256),256)/2^3),2)*MOD(INT(MOD(INT((F27)/256),256)/2^3),2)*8+MOD(INT(MOD(INT((D27)/256),256)/2^4),2)*MOD(INT(MOD(INT((F27)/256),256)/2^4),2)*16+MOD(INT(MOD(INT((D27)/256),256)/2^5),2)*MOD(INT(MOD(INT((F27)/256),256)/2^5),2)*32+MOD(INT(MOD(INT((D27)/256),256)/2^6),2)*MOD(INT(MOD(INT((F27)/256),256)/2^6),2)*64+MOD(INT(MOD(INT((D27)/256),256)/2^7),2)*MOD(INT(MOD(INT((F27)/256),256)/2^7),2)*128)*256+(MOD(INT(MOD(INT((D27)/65536),256)/2^0),2)*MOD(INT(MOD(INT((F27)/65536),256)/2^0),2)*1+MOD(INT(MOD(INT((D27)/65536),256)/2^1),2)*MOD(INT(MOD(INT((F27)/65536),256)/2^1),2)*2+MOD(INT(MOD(INT((D27)/65536),256)/2^2),2)*MOD(INT(MOD(INT((F27)/65536),256)/2^2),2)*4+MOD(INT(MOD(INT((D27)/65536),256)/2^3),2)*MOD(INT(MOD(INT((F27)/65536),256)/2^3),2)*8+MOD(INT(MOD(INT((D27)/65536),256)/2^4),2)*MOD(INT(MOD(INT((F27)/65536),256)/2^4),2)*16+MOD(INT(MOD(INT((D27)/65536),256)/2^5),2)*MOD(INT(MOD(INT((F27)/65536),256)/2^5),2)*32+MOD(INT(MOD(INT((D27)/65536),256)/2^6),2)*MOD(INT(MOD(INT((F27)/65536),256)/2^6),2)*64+MOD(INT(MOD(INT((D27)/65536),256)/2^7),2)*MOD(INT(MOD(INT((F27)/65536),256)/2^7),2)*128)*65536+(MOD(INT(MOD(INT((D27)/16777216),256)/2^0),2)*MOD(INT(MOD(INT((F27)/16777216),256)/2^0),2)*1+MOD(INT(MOD(INT((D27)/16777216),256)/2^1),2)*MOD(INT(MOD(INT((F27)/16777216),256)/2^1),2)*2+MOD(INT(MOD(INT((D27)/16777216),256)/2^2),2)*MOD(INT(MOD(INT((F27)/16777216),256)/2^2),2)*4+MOD(INT(MOD(INT((D27)/16777216),256)/2^3),2)*MOD(INT(MOD(INT((F27)/16777216),256)/2^3),2)*8+MOD(INT(MOD(INT((D27)/16777216),256)/2^4),2)*MOD(INT(MOD(INT((F27)/16777216),256)/2^4),2)*16+MOD(INT(MOD(INT((D27)/16777216),256)/2^5),2)*MOD(INT(MOD(INT((F27)/16777216),256)/2^5),2)*32+MOD(INT(MOD(INT((D27)/16777216),256)/2^6),2)*MOD(INT(MOD(INT((F27)/16777216),256)/2^6),2)*64+MOD(INT(MOD(INT((D27)/16777216),256)/2^7),2)*MOD(INT(MOD(INT((F27)/16777216),256)/2^7),2)*128)*16777216) -> 1196176 | H28: =((MOD(INT(MOD(INT((E27)/1),256)/2^0),2)*MOD(INT(MOD(INT(((4294967295-F27))/1),256)/2^0),2)*1+MOD(INT(MOD(INT((E27)/1),256)/2^1),2)*MOD(INT(MOD(INT(((4294967295-F27))/1),256)/2^1),2)*2+MOD(INT(MOD(INT((E27)/1),256)/2^2),2)*MOD(INT(MOD(INT(((4294967295-F27))/1),256)/2^2),2)*4+MOD(INT(MOD(INT((E27)/1),256)/2^3),2)*MOD(INT(MOD(INT(((4294967295-F27))/1),256)/2^3),2)*8+MOD(INT(MOD(INT((E27)/1),256)/2^4),2)*MOD(INT(MOD(INT(((4294967295-F27))/1),256)/2^4),2)*16+MOD(INT(MOD(INT((E27)/1),256)/2^5),2)*MOD(INT(MOD(INT(((4294967295-F27))/1),256)/2^5),2)*32+MOD(INT(MOD(INT((E27)/1),256)/2^6),2)*MOD(INT(MOD(INT(((4294967295-F27))/1),256)/2^6),2)*64+MOD(INT(MOD(INT((E27)/1),256)/2^7),2)*MOD(INT(MOD(INT(((4294967295-F27))/1),256)/2^7),2)*128)*1+(MOD(INT(MOD(INT((E27)/256),256)/2^0),2)*MOD(INT(MOD(INT(((4294967295-F27))/256),256)/2^0),2)*1+MOD(INT(MOD(INT((E27)/256),256)/2^1),2)*MOD(INT(MOD(INT(((4294967295-F27))/256),256)/2^1),2)*2+MOD(INT(MOD(INT((E27)/256),256)/2^2),2)*MOD(INT(MOD(INT(((4294967295-F27))/256),256)/2^2),2)*4+MOD(INT(MOD(INT((E27)/256),256)/2^3),2)*MOD(INT(MOD(INT(((4294967295-F27))/256),256)/2^3),2)*8+MOD(INT(MOD(INT((E27)/256),256)/2^4),2)*MOD(INT(MOD(INT(((4294967295-F27))/256),256)/2^4),2)*16+MOD(INT(MOD(INT((E27)/256),256)/2^5),2)*MOD(INT(MOD(INT(((4294967295-F27))/256),256)/2^5),2)*32+MOD(INT(MOD(INT((E27)/256),256)/2^6),2)*MOD(INT(MOD(INT(((4294967295-F27))/256),256)/2^6),2)*64+MOD(INT(MOD(INT((E27)/256),256)/2^7),2)*MOD(INT(MOD(INT(((4294967295-F27))/256),256)/2^7),2)*128)*256+(MOD(INT(MOD(INT((E27)/65536),256)/2^0),2)*MOD(INT(MOD(INT(((4294967295-F27))/65536),256)/2^0),2)*1+MOD(INT(MOD(INT((E27)/65536),256)/2^1),2)*MOD(INT(MOD(INT(((4294967295-F27))/65536),256)/2^1),2)*2+MOD(INT(MOD(INT((E27)/65536),256)/2^2),2)*MOD(INT(MOD(INT(((4294967295-F27))/65536),256)/2^2),2)*4+MOD(INT(MOD(INT((E27)/65536),256)/2^3),2)*MOD(INT(MOD(INT(((4294967295-F27))/65536),256)/2^3),2)*8+MOD(INT(MOD(INT((E27)/65536),256)/2^4),2)*MOD(INT(MOD(INT(((4294967295-F27))/65536),256)/2^4),2)*16+MOD(INT(MOD(INT((E27)/65536),256)/2^5),2)*MOD(INT(MOD(INT(((4294967295-F27))/65536),256)/2^5),2)*32+MOD(INT(MOD(INT((E27)/65536),256)/2^6),2)*MOD(INT(MOD(INT(((4294967295-F27))/65536),256)/2^6),2)*64+MOD(INT(MOD(INT((E27)/65536),256)/2^7),2)*MOD(INT(MOD(INT(((4294967295-F27))/65536),256)/2^7),2)*128)*65536+(MOD(INT(MOD(INT((E27)/16777216),256)/2^0),2)*MOD(INT(MOD(INT(((4294967295-F27))/16777216),256)/2^0),2)*1+MOD(INT(MOD(INT((E27)/16777216),256)/2^1),2)*MOD(INT(MOD(INT(((4294967295-F27))/16777216),256)/2^1),2)*2+MOD(INT(MOD(INT((E27)/16777216),256)/2^2),2)*MOD(INT(MOD(INT(((4294967295-F27))/16777216),256)/2^2),2)*4+MOD(INT(MOD(INT((E27)/16777216),256)/2^3),2)*MOD(INT(MOD(INT(((4294967295-F27))/16777216),256)/2^3),2)*8+MOD(INT(MOD(INT((E27)/16777216),256)/2^4),2)*MOD(INT(MOD(INT(((4294967295-F27))/16777216),256)/2^4),2)*16+MOD(INT(MOD(INT((E27)/16777216),256)/2^5),2)*MOD(INT(MOD(INT(((4294967295-F27))/16777216),256)/2^5),2)*32+MOD(INT(MOD(INT((E27)/16777216),256)/2^6),2)*MOD(INT(MOD(INT(((4294967295-F27))/16777216),256)/2^6),2)*64+MOD(INT(MOD(INT((E27)/16777216),256)/2^7),2)*MOD(INT(MOD(INT(((4294967295-F27))/16777216),256)/2^7),2)*128)*16777216) -> 209748746 | I28: — | J28: =MOD(G28+H28,4294967296) -> 210944922 | K28: =(0)+(0)*256+(0)*65536+(0)*16777216 -> 0 | L28: ='📦 MD5 Constants'!C26 -> 3634488961 | M28: ='📦 MD5 Constants'!H26 -> 14 | N28: =MOD(C27+J28+K28+'📦 MD5 Constants'!C26,4294967296) -> 3096317607 | O28: =MOD(MOD(N28,2^18)*2^14+INT(N28/2^18),4294967296) -> 2208951843 | P28: =D28 -> 3286028019 | Q28: op=23 g=M[15] shift=14
B29: 24 | C29: =F28 -> 210018090 | D29: =MOD(D28+O29,4294967296) -> 986286359 | E29: =D28 -> 3286028019 | F29: =E28 -> 1077076176 | G29: =((MOD(INT(MOD(INT((D28)/1),256)/2^0),2)*MOD(INT(MOD(INT((F28)/1),256)/2^0),2)*1+MOD(INT(MOD(INT((D28)/1),256)/2^1),2)*MOD(INT(MOD(INT((F28)/1),256)/2^1),2)*2+MOD(INT(MOD(INT((D28)/1),256)/2^2),2)*MOD(INT(MOD(INT((F28)/1),256)/2^2),2)*4+MOD(INT(MOD(INT((D28)/1),256)/2^3),2)*MOD(INT(MOD(INT((F28)/1),256)/2^3),2)*8+MOD(INT(MOD(INT((D28)/1),256)/2^4),2)*MOD(INT(MOD(INT((F28)/1),256)/2^4),2)*16+MOD(INT(MOD(INT((D28)/1),256)/2^5),2)*MOD(INT(MOD(INT((F28)/1),256)/2^5),2)*32+MOD(INT(MOD(INT((D28)/1),256)/2^6),2)*MOD(INT(MOD(INT((F28)/1),256)/2^6),2)*64+MOD(INT(MOD(INT((D28)/1),256)/2^7),2)*MOD(INT(MOD(INT((F28)/1),256)/2^7),2)*128)*1+(MOD(INT(MOD(INT((D28)/256),256)/2^0),2)*MOD(INT(MOD(INT((F28)/256),256)/2^0),2)*1+MOD(INT(MOD(INT((D28)/256),256)/2^1),2)*MOD(INT(MOD(INT((F28)/256),256)/2^1),2)*2+MOD(INT(MOD(INT((D28)/256),256)/2^2),2)*MOD(INT(MOD(INT((F28)/256),256)/2^2),2)*4+MOD(INT(MOD(INT((D28)/256),256)/2^3),2)*MOD(INT(MOD(INT((F28)/256),256)/2^3),2)*8+MOD(INT(MOD(INT((D28)/256),256)/2^4),2)*MOD(INT(MOD(INT((F28)/256),256)/2^4),2)*16+MOD(INT(MOD(INT((D28)/256),256)/2^5),2)*MOD(INT(MOD(INT((F28)/256),256)/2^5),2)*32+MOD(INT(MOD(INT((D28)/256),256)/2^6),2)*MOD(INT(MOD(INT((F28)/256),256)/2^6),2)*64+MOD(INT(MOD(INT((D28)/256),256)/2^7),2)*MOD(INT(MOD(INT((F28)/256),256)/2^7),2)*128)*256+(MOD(INT(MOD(INT((D28)/65536),256)/2^0),2)*MOD(INT(MOD(INT((F28)/65536),256)/2^0),2)*1+MOD(INT(MOD(INT((D28)/65536),256)/2^1),2)*MOD(INT(MOD(INT((F28)/65536),256)/2^1),2)*2+MOD(INT(MOD(INT((D28)/65536),256)/2^2),2)*MOD(INT(MOD(INT((F28)/65536),256)/2^2),2)*4+MOD(INT(MOD(INT((D28)/65536),256)/2^3),2)*MOD(INT(MOD(INT((F28)/65536),256)/2^3),2)*8+MOD(INT(MOD(INT((D28)/65536),256)/2^4),2)*MOD(INT(MOD(INT((F28)/65536),256)/2^4),2)*16+MOD(INT(MOD(INT((D28)/65536),256)/2^5),2)*MOD(INT(MOD(INT((F28)/65536),256)/2^5),2)*32+MOD(INT(MOD(INT((D28)/65536),256)/2^6),2)*MOD(INT(MOD(INT((F28)/65536),256)/2^6),2)*64+MOD(INT(MOD(INT((D28)/65536),256)/2^7),2)*MOD(INT(MOD(INT((F28)/65536),256)/2^7),2)*128)*65536+(MOD(INT(MOD(INT((D28)/16777216),256)/2^0),2)*MOD(INT(MOD(INT((F28)/16777216),256)/2^0),2)*1+MOD(INT(MOD(INT((D28)/16777216),256)/2^1),2)*MOD(INT(MOD(INT((F28)/16777216),256)/2^1),2)*2+MOD(INT(MOD(INT((D28)/16777216),256)/2^2),2)*MOD(INT(MOD(INT((F28)/16777216),256)/2^2),2)*4+MOD(INT(MOD(INT((D28)/16777216),256)/2^3),2)*MOD(INT(MOD(INT((F28)/16777216),256)/2^3),2)*8+MOD(INT(MOD(INT((D28)/16777216),256)/2^4),2)*MOD(INT(MOD(INT((F28)/16777216),256)/2^4),2)*16+MOD(INT(MOD(INT((D28)/16777216),256)/2^5),2)*MOD(INT(MOD(INT((F28)/16777216),256)/2^5),2)*32+MOD(INT(MOD(INT((D28)/16777216),256)/2^6),2)*MOD(INT(MOD(INT((F28)/16777216),256)/2^6),2)*64+MOD(INT(MOD(INT((D28)/16777216),256)/2^7),2)*MOD(INT(MOD(INT((F28)/16777216),256)/2^7),2)*128)*16777216) -> 8687138 | H29: =((MOD(INT(MOD(INT((E28)/1),256)/2^0),2)*MOD(INT(MOD(INT(((4294967295-F28))/1),256)/2^0),2)*1+MOD(INT(MOD(INT((E28)/1),256)/2^1),2)*MOD(INT(MOD(INT(((4294967295-F28))/1),256)/2^1),2)*2+MOD(INT(MOD(INT((E28)/1),256)/2^2),2)*MOD(INT(MOD(INT(((4294967295-F28))/1),256)/2^2),2)*4+MOD(INT(MOD(INT((E28)/1),256)/2^3),2)*MOD(INT(MOD(INT(((4294967295-F28))/1),256)/2^3),2)*8+MOD(INT(MOD(INT((E28)/1),256)/2^4),2)*MOD(INT(MOD(INT(((4294967295-F28))/1),256)/2^4),2)*16+MOD(INT(MOD(INT((E28)/1),256)/2^5),2)*MOD(INT(MOD(INT(((4294967295-F28))/1),256)/2^5),2)*32+MOD(INT(MOD(INT((E28)/1),256)/2^6),2)*MOD(INT(MOD(INT(((4294967295-F28))/1),256)/2^6),2)*64+MOD(INT(MOD(INT((E28)/1),256)/2^7),2)*MOD(INT(MOD(INT(((4294967295-F28))/1),256)/2^7),2)*128)*1+(MOD(INT(MOD(INT((E28)/256),256)/2^0),2)*MOD(INT(MOD(INT(((4294967295-F28))/256),256)/2^0),2)*1+MOD(INT(MOD(INT((E28)/256),256)/2^1),2)*MOD(INT(MOD(INT(((4294967295-F28))/256),256)/2^1),2)*2+MOD(INT(MOD(INT((E28)/256),256)/2^2),2)*MOD(INT(MOD(INT(((4294967295-F28))/256),256)/2^2),2)*4+MOD(INT(MOD(INT((E28)/256),256)/2^3),2)*MOD(INT(MOD(INT(((4294967295-F28))/256),256)/2^3),2)*8+MOD(INT(MOD(INT((E28)/256),256)/2^4),2)*MOD(INT(MOD(INT(((4294967295-F28))/256),256)/2^4),2)*16+MOD(INT(MOD(INT((E28)/256),256)/2^5),2)*MOD(INT(MOD(INT(((4294967295-F28))/256),256)/2^5),2)*32+MOD(INT(MOD(INT((E28)/256),256)/2^6),2)*MOD(INT(MOD(INT(((4294967295-F28))/256),256)/2^6),2)*64+MOD(INT(MOD(INT((E28)/256),256)/2^7),2)*MOD(INT(MOD(INT(((4294967295-F28))/256),256)/2^7),2)*128)*256+(MOD(INT(MOD(INT((E28)/65536),256)/2^0),2)*MOD(INT(MOD(INT(((4294967295-F28))/65536),256)/2^0),2)*1+MOD(INT(MOD(INT((E28)/65536),256)/2^1),2)*MOD(INT(MOD(INT(((4294967295-F28))/65536),256)/2^1),2)*2+MOD(INT(MOD(INT((E28)/65536),256)/2^2),2)*MOD(INT(MOD(INT(((4294967295-F28))/65536),256)/2^2),2)*4+MOD(INT(MOD(INT((E28)/65536),256)/2^3),2)*MOD(INT(MOD(INT(((4294967295-F28))/65536),256)/2^3),2)*8+MOD(INT(MOD(INT((E28)/65536),256)/2^4),2)*MOD(INT(MOD(INT(((4294967295-F28))/65536),256)/2^4),2)*16+MOD(INT(MOD(INT((E28)/65536),256)/2^5),2)*MOD(INT(MOD(INT(((4294967295-F28))/65536),256)/2^5),2)*32+MOD(INT(MOD(INT((E28)/65536),256)/2^6),2)*MOD(INT(MOD(INT(((4294967295-F28))/65536),256)/2^6),2)*64+MOD(INT(MOD(INT((E28)/65536),256)/2^7),2)*MOD(INT(MOD(INT(((4294967295-F28))/65536),256)/2^7),2)*128)*65536+(MOD(INT(MOD(INT((E28)/16777216),256)/2^0),2)*MOD(INT(MOD(INT(((4294967295-F28))/16777216),256)/2^0),2)*1+MOD(INT(MOD(INT((E28)/16777216),256)/2^1),2)*MOD(INT(MOD(INT(((4294967295-F28))/16777216),256)/2^1),2)*2+MOD(INT(MOD(INT((E28)/16777216),256)/2^2),2)*MOD(INT(MOD(INT(((4294967295-F28))/16777216),256)/2^2),2)*4+MOD(INT(MOD(INT((E28)/16777216),256)/2^3),2)*MOD(INT(MOD(INT(((4294967295-F28))/16777216),256)/2^3),2)*8+MOD(INT(MOD(INT((E28)/16777216),256)/2^4),2)*MOD(INT(MOD(INT(((4294967295-F28))/16777216),256)/2^4),2)*16+MOD(INT(MOD(INT((E28)/16777216),256)/2^5),2)*MOD(INT(MOD(INT(((4294967295-F28))/16777216),256)/2^5),2)*32+MOD(INT(MOD(INT((E28)/16777216),256)/2^6),2)*MOD(INT(MOD(INT(((4294967295-F28))/16777216),256)/2^6),2)*64+MOD(INT(MOD(INT((E28)/16777216),256)/2^7),2)*MOD(INT(MOD(INT(((4294967295-F28))/16777216),256)/2^7),2)*128)*16777216) -> 1077043408 | I29: — | J29: =MOD(G29+H29,4294967296) -> 1085730546 | K29: =(0)+(0)*256+(0)*65536+(0)*16777216 -> 0 | L29: ='📦 MD5 Constants'!C27 -> 3889429448 | M29: ='📦 MD5 Constants'!H27 -> 20 | N29: =MOD(C28+J29+K29+'📦 MD5 Constants'!C27,4294967296) -> 3416409966 | O29: =MOD(MOD(N29,2^12)*2^20+INT(N29/2^12),4294967296) -> 1995225636 | P29: =D29 -> 986286359 | Q29: op=24 g=M[4] shift=20
B30: 25 | C30: =F29 -> 1077076176 | D30: =MOD(D29+O30,4294967296) -> 2166944141 | E30: =D29 -> 986286359 | F30: =E29 -> 3286028019 | G30: =((MOD(INT(MOD(INT((D29)/1),256)/2^0),2)*MOD(INT(MOD(INT((F29)/1),256)/2^0),2)*1+MOD(INT(MOD(INT((D29)/1),256)/2^1),2)*MOD(INT(MOD(INT((F29)/1),256)/2^1),2)*2+MOD(INT(MOD(INT((D29)/1),256)/2^2),2)*MOD(INT(MOD(INT((F29)/1),256)/2^2),2)*4+MOD(INT(MOD(INT((D29)/1),256)/2^3),2)*MOD(INT(MOD(INT((F29)/1),256)/2^3),2)*8+MOD(INT(MOD(INT((D29)/1),256)/2^4),2)*MOD(INT(MOD(INT((F29)/1),256)/2^4),2)*16+MOD(INT(MOD(INT((D29)/1),256)/2^5),2)*MOD(INT(MOD(INT((F29)/1),256)/2^5),2)*32+MOD(INT(MOD(INT((D29)/1),256)/2^6),2)*MOD(INT(MOD(INT((F29)/1),256)/2^6),2)*64+MOD(INT(MOD(INT((D29)/1),256)/2^7),2)*MOD(INT(MOD(INT((F29)/1),256)/2^7),2)*128)*1+(MOD(INT(MOD(INT((D29)/256),256)/2^0),2)*MOD(INT(MOD(INT((F29)/256),256)/2^0),2)*1+MOD(INT(MOD(INT((D29)/256),256)/2^1),2)*MOD(INT(MOD(INT((F29)/256),256)/2^1),2)*2+MOD(INT(MOD(INT((D29)/256),256)/2^2),2)*MOD(INT(MOD(INT((F29)/256),256)/2^2),2)*4+MOD(INT(MOD(INT((D29)/256),256)/2^3),2)*MOD(INT(MOD(INT((F29)/256),256)/2^3),2)*8+MOD(INT(MOD(INT((D29)/256),256)/2^4),2)*MOD(INT(MOD(INT((F29)/256),256)/2^4),2)*16+MOD(INT(MOD(INT((D29)/256),256)/2^5),2)*MOD(INT(MOD(INT((F29)/256),256)/2^5),2)*32+MOD(INT(MOD(INT((D29)/256),256)/2^6),2)*MOD(INT(MOD(INT((F29)/256),256)/2^6),2)*64+MOD(INT(MOD(INT((D29)/256),256)/2^7),2)*MOD(INT(MOD(INT((F29)/256),256)/2^7),2)*128)*256+(MOD(INT(MOD(INT((D29)/65536),256)/2^0),2)*MOD(INT(MOD(INT((F29)/65536),256)/2^0),2)*1+MOD(INT(MOD(INT((D29)/65536),256)/2^1),2)*MOD(INT(MOD(INT((F29)/65536),256)/2^1),2)*2+MOD(INT(MOD(INT((D29)/65536),256)/2^2),2)*MOD(INT(MOD(INT((F29)/65536),256)/2^2),2)*4+MOD(INT(MOD(INT((D29)/65536),256)/2^3),2)*MOD(INT(MOD(INT((F29)/65536),256)/2^3),2)*8+MOD(INT(MOD(INT((D29)/65536),256)/2^4),2)*MOD(INT(MOD(INT((F29)/65536),256)/2^4),2)*16+MOD(INT(MOD(INT((D29)/65536),256)/2^5),2)*MOD(INT(MOD(INT((F29)/65536),256)/2^5),2)*32+MOD(INT(MOD(INT((D29)/65536),256)/2^6),2)*MOD(INT(MOD(INT((F29)/65536),256)/2^6),2)*64+MOD(INT(MOD(INT((D29)/65536),256)/2^7),2)*MOD(INT(MOD(INT((F29)/65536),256)/2^7),2)*128)*65536+(MOD(INT(MOD(INT((D29)/16777216),256)/2^0),2)*MOD(INT(MOD(INT((F29)/16777216),256)/2^0),2)*1+MOD(INT(MOD(INT((D29)/16777216),256)/2^1),2)*MOD(INT(MOD(INT((F29)/16777216),256)/2^1),2)*2+MOD(INT(MOD(INT((D29)/16777216),256)/2^2),2)*MOD(INT(MOD(INT((F29)/16777216),256)/2^2),2)*4+MOD(INT(MOD(INT((D29)/16777216),256)/2^3),2)*MOD(INT(MOD(INT((F29)/16777216),256)/2^3),2)*8+MOD(INT(MOD(INT((D29)/16777216),256)/2^4),2)*MOD(INT(MOD(INT((F29)/16777216),256)/2^4),2)*16+MOD(INT(MOD(INT((D29)/16777216),256)/2^5),2)*MOD(INT(MOD(INT((F29)/16777216),256)/2^5),2)*32+MOD(INT(MOD(INT((D29)/16777216),256)/2^6),2)*MOD(INT(MOD(INT((F29)/16777216),256)/2^6),2)*64+MOD(INT(MOD(INT((D29)/16777216),256)/2^7),2)*MOD(INT(MOD(INT((F29)/16777216),256)/2^7),2)*128)*16777216) -> 32784 | H30: =((MOD(INT(MOD(INT((E29)/1),256)/2^0),2)*MOD(INT(MOD(INT(((4294967295-F29))/1),256)/2^0),2)*1+MOD(INT(MOD(INT((E29)/1),256)/2^1),2)*MOD(INT(MOD(INT(((4294967295-F29))/1),256)/2^1),2)*2+MOD(INT(MOD(INT((E29)/1),256)/2^2),2)*MOD(INT(MOD(INT(((4294967295-F29))/1),256)/2^2),2)*4+MOD(INT(MOD(INT((E29)/1),256)/2^3),2)*MOD(INT(MOD(INT(((4294967295-F29))/1),256)/2^3),2)*8+MOD(INT(MOD(INT((E29)/1),256)/2^4),2)*MOD(INT(MOD(INT(((4294967295-F29))/1),256)/2^4),2)*16+MOD(INT(MOD(INT((E29)/1),256)/2^5),2)*MOD(INT(MOD(INT(((4294967295-F29))/1),256)/2^5),2)*32+MOD(INT(MOD(INT((E29)/1),256)/2^6),2)*MOD(INT(MOD(INT(((4294967295-F29))/1),256)/2^6),2)*64+MOD(INT(MOD(INT((E29)/1),256)/2^7),2)*MOD(INT(MOD(INT(((4294967295-F29))/1),256)/2^7),2)*128)*1+(MOD(INT(MOD(INT((E29)/256),256)/2^0),2)*MOD(INT(MOD(INT(((4294967295-F29))/256),256)/2^0),2)*1+MOD(INT(MOD(INT((E29)/256),256)/2^1),2)*MOD(INT(MOD(INT(((4294967295-F29))/256),256)/2^1),2)*2+MOD(INT(MOD(INT((E29)/256),256)/2^2),2)*MOD(INT(MOD(INT(((4294967295-F29))/256),256)/2^2),2)*4+MOD(INT(MOD(INT((E29)/256),256)/2^3),2)*MOD(INT(MOD(INT(((4294967295-F29))/256),256)/2^3),2)*8+MOD(INT(MOD(INT((E29)/256),256)/2^4),2)*MOD(INT(MOD(INT(((4294967295-F29))/256),256)/2^4),2)*16+MOD(INT(MOD(INT((E29)/256),256)/2^5),2)*MOD(INT(MOD(INT(((4294967295-F29))/256),256)/2^5),2)*32+MOD(INT(MOD(INT((E29)/256),256)/2^6),2)*MOD(INT(MOD(INT(((4294967295-F29))/256),256)/2^6),2)*64+MOD(INT(MOD(INT((E29)/256),256)/2^7),2)*MOD(INT(MOD(INT(((4294967295-F29))/256),256)/2^7),2)*128)*256+(MOD(INT(MOD(INT((E29)/65536),256)/2^0),2)*MOD(INT(MOD(INT(((4294967295-F29))/65536),256)/2^0),2)*1+MOD(INT(MOD(INT((E29)/65536),256)/2^1),2)*MOD(INT(MOD(INT(((4294967295-F29))/65536),256)/2^1),2)*2+MOD(INT(MOD(INT((E29)/65536),256)/2^2),2)*MOD(INT(MOD(INT(((4294967295-F29))/65536),256)/2^2),2)*4+MOD(INT(MOD(INT((E29)/65536),256)/2^3),2)*MOD(INT(MOD(INT(((4294967295-F29))/65536),256)/2^3),2)*8+MOD(INT(MOD(INT((E29)/65536),256)/2^4),2)*MOD(INT(MOD(INT(((4294967295-F29))/65536),256)/2^4),2)*16+MOD(INT(MOD(INT((E29)/65536),256)/2^5),2)*MOD(INT(MOD(INT(((4294967295-F29))/65536),256)/2^5),2)*32+MOD(INT(MOD(INT((E29)/65536),256)/2^6),2)*MOD(INT(MOD(INT(((4294967295-F29))/65536),256)/2^6),2)*64+MOD(INT(MOD(INT((E29)/65536),256)/2^7),2)*MOD(INT(MOD(INT(((4294967295-F29))/65536),256)/2^7),2)*128)*65536+(MOD(INT(MOD(INT((E29)/16777216),256)/2^0),2)*MOD(INT(MOD(INT(((4294967295-F29))/16777216),256)/2^0),2)*1+MOD(INT(MOD(INT((E29)/16777216),256)/2^1),2)*MOD(INT(MOD(INT(((4294967295-F29))/16777216),256)/2^1),2)*2+MOD(INT(MOD(INT((E29)/16777216),256)/2^2),2)*MOD(INT(MOD(INT(((4294967295-F29))/16777216),256)/2^2),2)*4+MOD(INT(MOD(INT((E29)/16777216),256)/2^3),2)*MOD(INT(MOD(INT(((4294967295-F29))/16777216),256)/2^3),2)*8+MOD(INT(MOD(INT((E29)/16777216),256)/2^4),2)*MOD(INT(MOD(INT(((4294967295-F29))/16777216),256)/2^4),2)*16+MOD(INT(MOD(INT((E29)/16777216),256)/2^5),2)*MOD(INT(MOD(INT(((4294967295-F29))/16777216),256)/2^5),2)*32+MOD(INT(MOD(INT((E29)/16777216),256)/2^6),2)*MOD(INT(MOD(INT(((4294967295-F29))/16777216),256)/2^6),2)*64+MOD(INT(MOD(INT((E29)/16777216),256)/2^7),2)*MOD(INT(MOD(INT(((4294967295-F29))/16777216),256)/2^7),2)*128)*16777216) -> 2211188259 | I30: — | J30: =MOD(G30+H30,4294967296) -> 2211221043 | K30: =(0)+(0)*256+(0)*65536+(0)*16777216 -> 0 | L30: ='📦 MD5 Constants'!C28 -> 568446438 | M30: ='📦 MD5 Constants'!H28 -> 5 | N30: =MOD(C29+J30+K30+'📦 MD5 Constants'!C28,4294967296) -> 2989685571 | O30: =MOD(MOD(N30,2^27)*2^5+INT(N30/2^27),4294967296) -> 1180657782 | P30: =D30 -> 2166944141 | Q30: op=25 g=M[9] shift=5
B31: 26 | C31: =F30 -> 3286028019 | D31: =MOD(D30+O31,4294967296) -> 1753061637 | E31: =D30 -> 2166944141 | F31: =E30 -> 986286359 | G31: =((MOD(INT(MOD(INT((D30)/1),256)/2^0),2)*MOD(INT(MOD(INT((F30)/1),256)/2^0),2)*1+MOD(INT(MOD(INT((D30)/1),256)/2^1),2)*MOD(INT(MOD(INT((F30)/1),256)/2^1),2)*2+MOD(INT(MOD(INT((D30)/1),256)/2^2),2)*MOD(INT(MOD(INT((F30)/1),256)/2^2),2)*4+MOD(INT(MOD(INT((D30)/1),256)/2^3),2)*MOD(INT(MOD(INT((F30)/1),256)/2^3),2)*8+MOD(INT(MOD(INT((D30)/1),256)/2^4),2)*MOD(INT(MOD(INT((F30)/1),256)/2^4),2)*16+MOD(INT(MOD(INT((D30)/1),256)/2^5),2)*MOD(INT(MOD(INT((F30)/1),256)/2^5),2)*32+MOD(INT(MOD(INT((D30)/1),256)/2^6),2)*MOD(INT(MOD(INT((F30)/1),256)/2^6),2)*64+MOD(INT(MOD(INT((D30)/1),256)/2^7),2)*MOD(INT(MOD(INT((F30)/1),256)/2^7),2)*128)*1+(MOD(INT(MOD(INT((D30)/256),256)/2^0),2)*MOD(INT(MOD(INT((F30)/256),256)/2^0),2)*1+MOD(INT(MOD(INT((D30)/256),256)/2^1),2)*MOD(INT(MOD(INT((F30)/256),256)/2^1),2)*2+MOD(INT(MOD(INT((D30)/256),256)/2^2),2)*MOD(INT(MOD(INT((F30)/256),256)/2^2),2)*4+MOD(INT(MOD(INT((D30)/256),256)/2^3),2)*MOD(INT(MOD(INT((F30)/256),256)/2^3),2)*8+MOD(INT(MOD(INT((D30)/256),256)/2^4),2)*MOD(INT(MOD(INT((F30)/256),256)/2^4),2)*16+MOD(INT(MOD(INT((D30)/256),256)/2^5),2)*MOD(INT(MOD(INT((F30)/256),256)/2^5),2)*32+MOD(INT(MOD(INT((D30)/256),256)/2^6),2)*MOD(INT(MOD(INT((F30)/256),256)/2^6),2)*64+MOD(INT(MOD(INT((D30)/256),256)/2^7),2)*MOD(INT(MOD(INT((F30)/256),256)/2^7),2)*128)*256+(MOD(INT(MOD(INT((D30)/65536),256)/2^0),2)*MOD(INT(MOD(INT((F30)/65536),256)/2^0),2)*1+MOD(INT(MOD(INT((D30)/65536),256)/2^1),2)*MOD(INT(MOD(INT((F30)/65536),256)/2^1),2)*2+MOD(INT(MOD(INT((D30)/65536),256)/2^2),2)*MOD(INT(MOD(INT((F30)/65536),256)/2^2),2)*4+MOD(INT(MOD(INT((D30)/65536),256)/2^3),2)*MOD(INT(MOD(INT((F30)/65536),256)/2^3),2)*8+MOD(INT(MOD(INT((D30)/65536),256)/2^4),2)*MOD(INT(MOD(INT((F30)/65536),256)/2^4),2)*16+MOD(INT(MOD(INT((D30)/65536),256)/2^5),2)*MOD(INT(MOD(INT((F30)/65536),256)/2^5),2)*32+MOD(INT(MOD(INT((D30)/65536),256)/2^6),2)*MOD(INT(MOD(INT((F30)/65536),256)/2^6),2)*64+MOD(INT(MOD(INT((D30)/65536),256)/2^7),2)*MOD(INT(MOD(INT((F30)/65536),256)/2^7),2)*128)*65536+(MOD(INT(MOD(INT((D30)/16777216),256)/2^0),2)*MOD(INT(MOD(INT((F30)/16777216),256)/2^0),2)*1+MOD(INT(MOD(INT((D30)/16777216),256)/2^1),2)*MOD(INT(MOD(INT((F30)/16777216),256)/2^1),2)*2+MOD(INT(MOD(INT((D30)/16777216),256)/2^2),2)*MOD(INT(MOD(INT((F30)/16777216),256)/2^2),2)*4+MOD(INT(MOD(INT((D30)/16777216),256)/2^3),2)*MOD(INT(MOD(INT((F30)/16777216),256)/2^3),2)*8+MOD(INT(MOD(INT((D30)/16777216),256)/2^4),2)*MOD(INT(MOD(INT((F30)/16777216),256)/2^4),2)*16+MOD(INT(MOD(INT((D30)/16777216),256)/2^5),2)*MOD(INT(MOD(INT((F30)/16777216),256)/2^5),2)*32+MOD(INT(MOD(INT((D30)/16777216),256)/2^6),2)*MOD(INT(MOD(INT((F30)/16777216),256)/2^6),2)*64+MOD(INT(MOD(INT((D30)/16777216),256)/2^7),2)*MOD(INT(MOD(INT((F30)/16777216),256)/2^7),2)*128)*16777216) -> 2164834433 | H31: =((MOD(INT(MOD(INT((E30)/1),256)/2^0),2)*MOD(INT(MOD(INT(((4294967295-F30))/1),256)/2^0),2)*1+MOD(INT(MOD(INT((E30)/1),256)/2^1),2)*MOD(INT(MOD(INT(((4294967295-F30))/1),256)/2^1),2)*2+MOD(INT(MOD(INT((E30)/1),256)/2^2),2)*MOD(INT(MOD(INT(((4294967295-F30))/1),256)/2^2),2)*4+MOD(INT(MOD(INT((E30)/1),256)/2^3),2)*MOD(INT(MOD(INT(((4294967295-F30))/1),256)/2^3),2)*8+MOD(INT(MOD(INT((E30)/1),256)/2^4),2)*MOD(INT(MOD(INT(((4294967295-F30))/1),256)/2^4),2)*16+MOD(INT(MOD(INT((E30)/1),256)/2^5),2)*MOD(INT(MOD(INT(((4294967295-F30))/1),256)/2^5),2)*32+MOD(INT(MOD(INT((E30)/1),256)/2^6),2)*MOD(INT(MOD(INT(((4294967295-F30))/1),256)/2^6),2)*64+MOD(INT(MOD(INT((E30)/1),256)/2^7),2)*MOD(INT(MOD(INT(((4294967295-F30))/1),256)/2^7),2)*128)*1+(MOD(INT(MOD(INT((E30)/256),256)/2^0),2)*MOD(INT(MOD(INT(((4294967295-F30))/256),256)/2^0),2)*1+MOD(INT(MOD(INT((E30)/256),256)/2^1),2)*MOD(INT(MOD(INT(((4294967295-F30))/256),256)/2^1),2)*2+MOD(INT(MOD(INT((E30)/256),256)/2^2),2)*MOD(INT(MOD(INT(((4294967295-F30))/256),256)/2^2),2)*4+MOD(INT(MOD(INT((E30)/256),256)/2^3),2)*MOD(INT(MOD(INT(((4294967295-F30))/256),256)/2^3),2)*8+MOD(INT(MOD(INT((E30)/256),256)/2^4),2)*MOD(INT(MOD(INT(((4294967295-F30))/256),256)/2^4),2)*16+MOD(INT(MOD(INT((E30)/256),256)/2^5),2)*MOD(INT(MOD(INT(((4294967295-F30))/256),256)/2^5),2)*32+MOD(INT(MOD(INT((E30)/256),256)/2^6),2)*MOD(INT(MOD(INT(((4294967295-F30))/256),256)/2^6),2)*64+MOD(INT(MOD(INT((E30)/256),256)/2^7),2)*MOD(INT(MOD(INT(((4294967295-F30))/256),256)/2^7),2)*128)*256+(MOD(INT(MOD(INT((E30)/65536),256)/2^0),2)*MOD(INT(MOD(INT(((4294967295-F30))/65536),256)/2^0),2)*1+MOD(INT(MOD(INT((E30)/65536),256)/2^1),2)*MOD(INT(MOD(INT(((4294967295-F30))/65536),256)/2^1),2)*2+MOD(INT(MOD(INT((E30)/65536),256)/2^2),2)*MOD(INT(MOD(INT(((4294967295-F30))/65536),256)/2^2),2)*4+MOD(INT(MOD(INT((E30)/65536),256)/2^3),2)*MOD(INT(MOD(INT(((4294967295-F30))/65536),256)/2^3),2)*8+MOD(INT(MOD(INT((E30)/65536),256)/2^4),2)*MOD(INT(MOD(INT(((4294967295-F30))/65536),256)/2^4),2)*16+MOD(INT(MOD(INT((E30)/65536),256)/2^5),2)*MOD(INT(MOD(INT(((4294967295-F30))/65536),256)/2^5),2)*32+MOD(INT(MOD(INT((E30)/65536),256)/2^6),2)*MOD(INT(MOD(INT(((4294967295-F30))/65536),256)/2^6),2)*64+MOD(INT(MOD(INT((E30)/65536),256)/2^7),2)*MOD(INT(MOD(INT(((4294967295-F30))/65536),256)/2^7),2)*128)*65536+(MOD(INT(MOD(INT((E30)/16777216),256)/2^0),2)*MOD(INT(MOD(INT(((4294967295-F30))/16777216),256)/2^0),2)*1+MOD(INT(MOD(INT((E30)/16777216),256)/2^1),2)*MOD(INT(MOD(INT(((4294967295-F30))/16777216),256)/2^1),2)*2+MOD(INT(MOD(INT((E30)/16777216),256)/2^2),2)*MOD(INT(MOD(INT(((4294967295-F30))/16777216),256)/2^2),2)*4+MOD(INT(MOD(INT((E30)/16777216),256)/2^3),2)*MOD(INT(MOD(INT(((4294967295-F30))/16777216),256)/2^3),2)*8+MOD(INT(MOD(INT((E30)/16777216),256)/2^4),2)*MOD(INT(MOD(INT(((4294967295-F30))/16777216),256)/2^4),2)*16+MOD(INT(MOD(INT((E30)/16777216),256)/2^5),2)*MOD(INT(MOD(INT(((4294967295-F30))/16777216),256)/2^5),2)*32+MOD(INT(MOD(INT((E30)/16777216),256)/2^6),2)*MOD(INT(MOD(INT(((4294967295-F30))/16777216),256)/2^6),2)*64+MOD(INT(MOD(INT((E30)/16777216),256)/2^7),2)*MOD(INT(MOD(INT(((4294967295-F30))/16777216),256)/2^7),2)*128)*16777216) -> 939589892 | I31: — | J31: =MOD(G31+H31,4294967296) -> 3104424325 | K31: =(MOD(LEN('🔐 MD5'!B5)*8,256))+(MOD(INT(LEN('🔐 MD5'!B5)*8/256),256))*256+(MOD(INT(LEN('🔐 MD5'!B5)*8/65536),256))*65536+(MOD(INT(LEN('🔐 MD5'!B5)*8/16777216),256))*16777216 -> 40 | L31: ='📦 MD5 Constants'!C29 -> 3275163606 | M31: ='📦 MD5 Constants'!H29 -> 9 | N31: =MOD(C30+J31+K31+'📦 MD5 Constants'!C29,4294967296) -> 3161696851 | O31: =MOD(MOD(N31,2^23)*2^9+INT(N31/2^23),4294967296) -> 3881084792 | P31: =D31 -> 1753061637 | Q31: op=26 g=M[14] shift=9
B32: 27 | C32: =F31 -> 986286359 | D32: =MOD(D31+O32,4294967296) -> 1577021835 | E32: =D31 -> 1753061637 | F32: =E31 -> 2166944141 | G32: =((MOD(INT(MOD(INT((D31)/1),256)/2^0),2)*MOD(INT(MOD(INT((F31)/1),256)/2^0),2)*1+MOD(INT(MOD(INT((D31)/1),256)/2^1),2)*MOD(INT(MOD(INT((F31)/1),256)/2^1),2)*2+MOD(INT(MOD(INT((D31)/1),256)/2^2),2)*MOD(INT(MOD(INT((F31)/1),256)/2^2),2)*4+MOD(INT(MOD(INT((D31)/1),256)/2^3),2)*MOD(INT(MOD(INT((F31)/1),256)/2^3),2)*8+MOD(INT(MOD(INT((D31)/1),256)/2^4),2)*MOD(INT(MOD(INT((F31)/1),256)/2^4),2)*16+MOD(INT(MOD(INT((D31)/1),256)/2^5),2)*MOD(INT(MOD(INT((F31)/1),256)/2^5),2)*32+MOD(INT(MOD(INT((D31)/1),256)/2^6),2)*MOD(INT(MOD(INT((F31)/1),256)/2^6),2)*64+MOD(INT(MOD(INT((D31)/1),256)/2^7),2)*MOD(INT(MOD(INT((F31)/1),256)/2^7),2)*128)*1+(MOD(INT(MOD(INT((D31)/256),256)/2^0),2)*MOD(INT(MOD(INT((F31)/256),256)/2^0),2)*1+MOD(INT(MOD(INT((D31)/256),256)/2^1),2)*MOD(INT(MOD(INT((F31)/256),256)/2^1),2)*2+MOD(INT(MOD(INT((D31)/256),256)/2^2),2)*MOD(INT(MOD(INT((F31)/256),256)/2^2),2)*4+MOD(INT(MOD(INT((D31)/256),256)/2^3),2)*MOD(INT(MOD(INT((F31)/256),256)/2^3),2)*8+MOD(INT(MOD(INT((D31)/256),256)/2^4),2)*MOD(INT(MOD(INT((F31)/256),256)/2^4),2)*16+MOD(INT(MOD(INT((D31)/256),256)/2^5),2)*MOD(INT(MOD(INT((F31)/256),256)/2^5),2)*32+MOD(INT(MOD(INT((D31)/256),256)/2^6),2)*MOD(INT(MOD(INT((F31)/256),256)/2^6),2)*64+MOD(INT(MOD(INT((D31)/256),256)/2^7),2)*MOD(INT(MOD(INT((F31)/256),256)/2^7),2)*128)*256+(MOD(INT(MOD(INT((D31)/65536),256)/2^0),2)*MOD(INT(MOD(INT((F31)/65536),256)/2^0),2)*1+MOD(INT(MOD(INT((D31)/65536),256)/2^1),2)*MOD(INT(MOD(INT((F31)/65536),256)/2^1),2)*2+MOD(INT(MOD(INT((D31)/65536),256)/2^2),2)*MOD(INT(MOD(INT((F31)/65536),256)/2^2),2)*4+MOD(INT(MOD(INT((D31)/65536),256)/2^3),2)*MOD(INT(MOD(INT((F31)/65536),256)/2^3),2)*8+MOD(INT(MOD(INT((D31)/65536),256)/2^4),2)*MOD(INT(MOD(INT((F31)/65536),256)/2^4),2)*16+MOD(INT(MOD(INT((D31)/65536),256)/2^5),2)*MOD(INT(MOD(INT((F31)/65536),256)/2^5),2)*32+MOD(INT(MOD(INT((D31)/65536),256)/2^6),2)*MOD(INT(MOD(INT((F31)/65536),256)/2^6),2)*64+MOD(INT(MOD(INT((D31)/65536),256)/2^7),2)*MOD(INT(MOD(INT((F31)/65536),256)/2^7),2)*128)*65536+(MOD(INT(MOD(INT((D31)/16777216),256)/2^0),2)*MOD(INT(MOD(INT((F31)/16777216),256)/2^0),2)*1+MOD(INT(MOD(INT((D31)/16777216),256)/2^1),2)*MOD(INT(MOD(INT((F31)/16777216),256)/2^1),2)*2+MOD(INT(MOD(INT((D31)/16777216),256)/2^2),2)*MOD(INT(MOD(INT((F31)/16777216),256)/2^2),2)*4+MOD(INT(MOD(INT((D31)/16777216),256)/2^3),2)*MOD(INT(MOD(INT((F31)/16777216),256)/2^3),2)*8+MOD(INT(MOD(INT((D31)/16777216),256)/2^4),2)*MOD(INT(MOD(INT((F31)/16777216),256)/2^4),2)*16+MOD(INT(MOD(INT((D31)/16777216),256)/2^5),2)*MOD(INT(MOD(INT((F31)/16777216),256)/2^5),2)*32+MOD(INT(MOD(INT((D31)/16777216),256)/2^6),2)*MOD(INT(MOD(INT((F31)/16777216),256)/2^6),2)*64+MOD(INT(MOD(INT((D31)/16777216),256)/2^7),2)*MOD(INT(MOD(INT((F31)/16777216),256)/2^7),2)*128)*16777216) -> 675907845 | H32: =((MOD(INT(MOD(INT((E31)/1),256)/2^0),2)*MOD(INT(MOD(INT(((4294967295-F31))/1),256)/2^0),2)*1+MOD(INT(MOD(INT((E31)/1),256)/2^1),2)*MOD(INT(MOD(INT(((4294967295-F31))/1),256)/2^1),2)*2+MOD(INT(MOD(INT((E31)/1),256)/2^2),2)*MOD(INT(MOD(INT(((4294967295-F31))/1),256)/2^2),2)*4+MOD(INT(MOD(INT((E31)/1),256)/2^3),2)*MOD(INT(MOD(INT(((4294967295-F31))/1),256)/2^3),2)*8+MOD(INT(MOD(INT((E31)/1),256)/2^4),2)*MOD(INT(MOD(INT(((4294967295-F31))/1),256)/2^4),2)*16+MOD(INT(MOD(INT((E31)/1),256)/2^5),2)*MOD(INT(MOD(INT(((4294967295-F31))/1),256)/2^5),2)*32+MOD(INT(MOD(INT((E31)/1),256)/2^6),2)*MOD(INT(MOD(INT(((4294967295-F31))/1),256)/2^6),2)*64+MOD(INT(MOD(INT((E31)/1),256)/2^7),2)*MOD(INT(MOD(INT(((4294967295-F31))/1),256)/2^7),2)*128)*1+(MOD(INT(MOD(INT((E31)/256),256)/2^0),2)*MOD(INT(MOD(INT(((4294967295-F31))/256),256)/2^0),2)*1+MOD(INT(MOD(INT((E31)/256),256)/2^1),2)*MOD(INT(MOD(INT(((4294967295-F31))/256),256)/2^1),2)*2+MOD(INT(MOD(INT((E31)/256),256)/2^2),2)*MOD(INT(MOD(INT(((4294967295-F31))/256),256)/2^2),2)*4+MOD(INT(MOD(INT((E31)/256),256)/2^3),2)*MOD(INT(MOD(INT(((4294967295-F31))/256),256)/2^3),2)*8+MOD(INT(MOD(INT((E31)/256),256)/2^4),2)*MOD(INT(MOD(INT(((4294967295-F31))/256),256)/2^4),2)*16+MOD(INT(MOD(INT((E31)/256),256)/2^5),2)*MOD(INT(MOD(INT(((4294967295-F31))/256),256)/2^5),2)*32+MOD(INT(MOD(INT((E31)/256),256)/2^6),2)*MOD(INT(MOD(INT(((4294967295-F31))/256),256)/2^6),2)*64+MOD(INT(MOD(INT((E31)/256),256)/2^7),2)*MOD(INT(MOD(INT(((4294967295-F31))/256),256)/2^7),2)*128)*256+(MOD(INT(MOD(INT((E31)/65536),256)/2^0),2)*MOD(INT(MOD(INT(((4294967295-F31))/65536),256)/2^0),2)*1+MOD(INT(MOD(INT((E31)/65536),256)/2^1),2)*MOD(INT(MOD(INT(((4294967295-F31))/65536),256)/2^1),2)*2+MOD(INT(MOD(INT((E31)/65536),256)/2^2),2)*MOD(INT(MOD(INT(((4294967295-F31))/65536),256)/2^2),2)*4+MOD(INT(MOD(INT((E31)/65536),256)/2^3),2)*MOD(INT(MOD(INT(((4294967295-F31))/65536),256)/2^3),2)*8+MOD(INT(MOD(INT((E31)/65536),256)/2^4),2)*MOD(INT(MOD(INT(((4294967295-F31))/65536),256)/2^4),2)*16+MOD(INT(MOD(INT((E31)/65536),256)/2^5),2)*MOD(INT(MOD(INT(((4294967295-F31))/65536),256)/2^5),2)*32+MOD(INT(MOD(INT((E31)/65536),256)/2^6),2)*MOD(INT(MOD(INT(((4294967295-F31))/65536),256)/2^6),2)*64+MOD(INT(MOD(INT((E31)/65536),256)/2^7),2)*MOD(INT(MOD(INT(((4294967295-F31))/65536),256)/2^7),2)*128)*65536+(MOD(INT(MOD(INT((E31)/16777216),256)/2^0),2)*MOD(INT(MOD(INT(((4294967295-F31))/16777216),256)/2^0),2)*1+MOD(INT(MOD(INT((E31)/16777216),256)/2^1),2)*MOD(INT(MOD(INT(((4294967295-F31))/16777216),256)/2^1),2)*2+MOD(INT(MOD(INT((E31)/16777216),256)/2^2),2)*MOD(INT(MOD(INT(((4294967295-F31))/16777216),256)/2^2),2)*4+MOD(INT(MOD(INT((E31)/16777216),256)/2^3),2)*MOD(INT(MOD(INT(((4294967295-F31))/16777216),256)/2^3),2)*8+MOD(INT(MOD(INT((E31)/16777216),256)/2^4),2)*MOD(INT(MOD(INT(((4294967295-F31))/16777216),256)/2^4),2)*16+MOD(INT(MOD(INT((E31)/16777216),256)/2^5),2)*MOD(INT(MOD(INT(((4294967295-F31))/16777216),256)/2^5),2)*32+MOD(INT(MOD(INT((E31)/16777216),256)/2^6),2)*MOD(INT(MOD(INT(((4294967295-F31))/16777216),256)/2^6),2)*64+MOD(INT(MOD(INT((E31)/16777216),256)/2^7),2)*MOD(INT(MOD(INT(((4294967295-F31))/16777216),256)/2^7),2)*128)*16777216) -> 2166386824 | I32: — | J32: =MOD(G32+H32,4294967296) -> 2842294669 | K32: =(0)+(0)*256+(0)*65536+(0)*16777216 -> 0 | L32: ='📦 MD5 Constants'!C30 -> 4107603335 | M32: ='📦 MD5 Constants'!H30 -> 14 | N32: =MOD(C31+J32+K32+'📦 MD5 Constants'!C30,4294967296) -> 1645991431 | O32: =MOD(MOD(N32,2^18)*2^14+INT(N32/2^18),4294967296) -> 4118927494 | P32: =D32 -> 1577021835 | Q32: op=27 g=M[3] shift=14
B33: 28 | C33: =F32 -> 2166944141 | D33: =MOD(D32+O33,4294967296) -> 3604876188 | E33: =D32 -> 1577021835 | F33: =E32 -> 1753061637 | G33: =((MOD(INT(MOD(INT((D32)/1),256)/2^0),2)*MOD(INT(MOD(INT((F32)/1),256)/2^0),2)*1+MOD(INT(MOD(INT((D32)/1),256)/2^1),2)*MOD(INT(MOD(INT((F32)/1),256)/2^1),2)*2+MOD(INT(MOD(INT((D32)/1),256)/2^2),2)*MOD(INT(MOD(INT((F32)/1),256)/2^2),2)*4+MOD(INT(MOD(INT((D32)/1),256)/2^3),2)*MOD(INT(MOD(INT((F32)/1),256)/2^3),2)*8+MOD(INT(MOD(INT((D32)/1),256)/2^4),2)*MOD(INT(MOD(INT((F32)/1),256)/2^4),2)*16+MOD(INT(MOD(INT((D32)/1),256)/2^5),2)*MOD(INT(MOD(INT((F32)/1),256)/2^5),2)*32+MOD(INT(MOD(INT((D32)/1),256)/2^6),2)*MOD(INT(MOD(INT((F32)/1),256)/2^6),2)*64+MOD(INT(MOD(INT((D32)/1),256)/2^7),2)*MOD(INT(MOD(INT((F32)/1),256)/2^7),2)*128)*1+(MOD(INT(MOD(INT((D32)/256),256)/2^0),2)*MOD(INT(MOD(INT((F32)/256),256)/2^0),2)*1+MOD(INT(MOD(INT((D32)/256),256)/2^1),2)*MOD(INT(MOD(INT((F32)/256),256)/2^1),2)*2+MOD(INT(MOD(INT((D32)/256),256)/2^2),2)*MOD(INT(MOD(INT((F32)/256),256)/2^2),2)*4+MOD(INT(MOD(INT((D32)/256),256)/2^3),2)*MOD(INT(MOD(INT((F32)/256),256)/2^3),2)*8+MOD(INT(MOD(INT((D32)/256),256)/2^4),2)*MOD(INT(MOD(INT((F32)/256),256)/2^4),2)*16+MOD(INT(MOD(INT((D32)/256),256)/2^5),2)*MOD(INT(MOD(INT((F32)/256),256)/2^5),2)*32+MOD(INT(MOD(INT((D32)/256),256)/2^6),2)*MOD(INT(MOD(INT((F32)/256),256)/2^6),2)*64+MOD(INT(MOD(INT((D32)/256),256)/2^7),2)*MOD(INT(MOD(INT((F32)/256),256)/2^7),2)*128)*256+(MOD(INT(MOD(INT((D32)/65536),256)/2^0),2)*MOD(INT(MOD(INT((F32)/65536),256)/2^0),2)*1+MOD(INT(MOD(INT((D32)/65536),256)/2^1),2)*MOD(INT(MOD(INT((F32)/65536),256)/2^1),2)*2+MOD(INT(MOD(INT((D32)/65536),256)/2^2),2)*MOD(INT(MOD(INT((F32)/65536),256)/2^2),2)*4+MOD(INT(MOD(INT((D32)/65536),256)/2^3),2)*MOD(INT(MOD(INT((F32)/65536),256)/2^3),2)*8+MOD(INT(MOD(INT((D32)/65536),256)/2^4),2)*MOD(INT(MOD(INT((F32)/65536),256)/2^4),2)*16+MOD(INT(MOD(INT((D32)/65536),256)/2^5),2)*MOD(INT(MOD(INT((F32)/65536),256)/2^5),2)*32+MOD(INT(MOD(INT((D32)/65536),256)/2^6),2)*MOD(INT(MOD(INT((F32)/65536),256)/2^6),2)*64+MOD(INT(MOD(INT((D32)/65536),256)/2^7),2)*MOD(INT(MOD(INT((F32)/65536),256)/2^7),2)*128)*65536+(MOD(INT(MOD(INT((D32)/16777216),256)/2^0),2)*MOD(INT(MOD(INT((F32)/16777216),256)/2^0),2)*1+MOD(INT(MOD(INT((D32)/16777216),256)/2^1),2)*MOD(INT(MOD(INT((F32)/16777216),256)/2^1),2)*2+MOD(INT(MOD(INT((D32)/16777216),256)/2^2),2)*MOD(INT(MOD(INT((F32)/16777216),256)/2^2),2)*4+MOD(INT(MOD(INT((D32)/16777216),256)/2^3),2)*MOD(INT(MOD(INT((F32)/16777216),256)/2^3),2)*8+MOD(INT(MOD(INT((D32)/16777216),256)/2^4),2)*MOD(INT(MOD(INT((F32)/16777216),256)/2^4),2)*16+MOD(INT(MOD(INT((D32)/16777216),256)/2^5),2)*MOD(INT(MOD(INT((F32)/16777216),256)/2^5),2)*32+MOD(INT(MOD(INT((D32)/16777216),256)/2^6),2)*MOD(INT(MOD(INT((F32)/16777216),256)/2^6),2)*64+MOD(INT(MOD(INT((D32)/16777216),256)/2^7),2)*MOD(INT(MOD(INT((F32)/16777216),256)/2^7),2)*128)*16777216) -> 19427721 | H33: =((MOD(INT(MOD(INT((E32)/1),256)/2^0),2)*MOD(INT(MOD(INT(((4294967295-F32))/1),256)/2^0),2)*1+MOD(INT(MOD(INT((E32)/1),256)/2^1),2)*MOD(INT(MOD(INT(((4294967295-F32))/1),256)/2^1),2)*2+MOD(INT(MOD(INT((E32)/1),256)/2^2),2)*MOD(INT(MOD(INT(((4294967295-F32))/1),256)/2^2),2)*4+MOD(INT(MOD(INT((E32)/1),256)/2^3),2)*MOD(INT(MOD(INT(((4294967295-F32))/1),256)/2^3),2)*8+MOD(INT(MOD(INT((E32)/1),256)/2^4),2)*MOD(INT(MOD(INT(((4294967295-F32))/1),256)/2^4),2)*16+MOD(INT(MOD(INT((E32)/1),256)/2^5),2)*MOD(INT(MOD(INT(((4294967295-F32))/1),256)/2^5),2)*32+MOD(INT(MOD(INT((E32)/1),256)/2^6),2)*MOD(INT(MOD(INT(((4294967295-F32))/1),256)/2^6),2)*64+MOD(INT(MOD(INT((E32)/1),256)/2^7),2)*MOD(INT(MOD(INT(((4294967295-F32))/1),256)/2^7),2)*128)*1+(MOD(INT(MOD(INT((E32)/256),256)/2^0),2)*MOD(INT(MOD(INT(((4294967295-F32))/256),256)/2^0),2)*1+MOD(INT(MOD(INT((E32)/256),256)/2^1),2)*MOD(INT(MOD(INT(((4294967295-F32))/256),256)/2^1),2)*2+MOD(INT(MOD(INT((E32)/256),256)/2^2),2)*MOD(INT(MOD(INT(((4294967295-F32))/256),256)/2^2),2)*4+MOD(INT(MOD(INT((E32)/256),256)/2^3),2)*MOD(INT(MOD(INT(((4294967295-F32))/256),256)/2^3),2)*8+MOD(INT(MOD(INT((E32)/256),256)/2^4),2)*MOD(INT(MOD(INT(((4294967295-F32))/256),256)/2^4),2)*16+MOD(INT(MOD(INT((E32)/256),256)/2^5),2)*MOD(INT(MOD(INT(((4294967295-F32))/256),256)/2^5),2)*32+MOD(INT(MOD(INT((E32)/256),256)/2^6),2)*MOD(INT(MOD(INT(((4294967295-F32))/256),256)/2^6),2)*64+MOD(INT(MOD(INT((E32)/256),256)/2^7),2)*MOD(INT(MOD(INT(((4294967295-F32))/256),256)/2^7),2)*128)*256+(MOD(INT(MOD(INT((E32)/65536),256)/2^0),2)*MOD(INT(MOD(INT(((4294967295-F32))/65536),256)/2^0),2)*1+MOD(INT(MOD(INT((E32)/65536),256)/2^1),2)*MOD(INT(MOD(INT(((4294967295-F32))/65536),256)/2^1),2)*2+MOD(INT(MOD(INT((E32)/65536),256)/2^2),2)*MOD(INT(MOD(INT(((4294967295-F32))/65536),256)/2^2),2)*4+MOD(INT(MOD(INT((E32)/65536),256)/2^3),2)*MOD(INT(MOD(INT(((4294967295-F32))/65536),256)/2^3),2)*8+MOD(INT(MOD(INT((E32)/65536),256)/2^4),2)*MOD(INT(MOD(INT(((4294967295-F32))/65536),256)/2^4),2)*16+MOD(INT(MOD(INT((E32)/65536),256)/2^5),2)*MOD(INT(MOD(INT(((4294967295-F32))/65536),256)/2^5),2)*32+MOD(INT(MOD(INT((E32)/65536),256)/2^6),2)*MOD(INT(MOD(INT(((4294967295-F32))/65536),256)/2^6),2)*64+MOD(INT(MOD(INT((E32)/65536),256)/2^7),2)*MOD(INT(MOD(INT(((4294967295-F32))/65536),256)/2^7),2)*128)*65536+(MOD(INT(MOD(INT((E32)/16777216),256)/2^0),2)*MOD(INT(MOD(INT(((4294967295-F32))/16777216),256)/2^0),2)*1+MOD(INT(MOD(INT((E32)/16777216),256)/2^1),2)*MOD(INT(MOD(INT(((4294967295-F32))/16777216),256)/2^1),2)*2+MOD(INT(MOD(INT((E32)/16777216),256)/2^2),2)*MOD(INT(MOD(INT(((4294967295-F32))/16777216),256)/2^2),2)*4+MOD(INT(MOD(INT((E32)/16777216),256)/2^3),2)*MOD(INT(MOD(INT(((4294967295-F32))/16777216),256)/2^3),2)*8+MOD(INT(MOD(INT((E32)/16777216),256)/2^4),2)*MOD(INT(MOD(INT(((4294967295-F32))/16777216),256)/2^4),2)*16+MOD(INT(MOD(INT((E32)/16777216),256)/2^5),2)*MOD(INT(MOD(INT(((4294967295-F32))/16777216),256)/2^5),2)*32+MOD(INT(MOD(INT((E32)/16777216),256)/2^6),2)*MOD(INT(MOD(INT(((4294967295-F32))/16777216),256)/2^6),2)*64+MOD(INT(MOD(INT((E32)/16777216),256)/2^7),2)*MOD(INT(MOD(INT(((4294967295-F32))/16777216),256)/2^7),2)*128)*16777216) -> 1750403072 | I33: — | J33: =MOD(G33+H33,4294967296) -> 1769830793 | K33: =(0)+(0)*256+(0)*65536+(0)*16777216 -> 0 | L33: ='📦 MD5 Constants'!C31 -> 1163531501 | M33: ='📦 MD5 Constants'!H31 -> 20 | N33: =MOD(C32+J33+K33+'📦 MD5 Constants'!C31,4294967296) -> 3919648653 | O33: =MOD(MOD(N33,2^12)*2^20+INT(N33/2^12),4294967296) -> 2027854353 | P33: =D33 -> 3604876188 | Q33: op=28 g=M[8] shift=20
B34: 29 | C34: =F33 -> 1753061637 | D34: =MOD(D33+O34,4294967296) -> 4098265004 | E34: =D33 -> 3604876188 | F34: =E33 -> 1577021835 | G34: =((MOD(INT(MOD(INT((D33)/1),256)/2^0),2)*MOD(INT(MOD(INT((F33)/1),256)/2^0),2)*1+MOD(INT(MOD(INT((D33)/1),256)/2^1),2)*MOD(INT(MOD(INT((F33)/1),256)/2^1),2)*2+MOD(INT(MOD(INT((D33)/1),256)/2^2),2)*MOD(INT(MOD(INT((F33)/1),256)/2^2),2)*4+MOD(INT(MOD(INT((D33)/1),256)/2^3),2)*MOD(INT(MOD(INT((F33)/1),256)/2^3),2)*8+MOD(INT(MOD(INT((D33)/1),256)/2^4),2)*MOD(INT(MOD(INT((F33)/1),256)/2^4),2)*16+MOD(INT(MOD(INT((D33)/1),256)/2^5),2)*MOD(INT(MOD(INT((F33)/1),256)/2^5),2)*32+MOD(INT(MOD(INT((D33)/1),256)/2^6),2)*MOD(INT(MOD(INT((F33)/1),256)/2^6),2)*64+MOD(INT(MOD(INT((D33)/1),256)/2^7),2)*MOD(INT(MOD(INT((F33)/1),256)/2^7),2)*128)*1+(MOD(INT(MOD(INT((D33)/256),256)/2^0),2)*MOD(INT(MOD(INT((F33)/256),256)/2^0),2)*1+MOD(INT(MOD(INT((D33)/256),256)/2^1),2)*MOD(INT(MOD(INT((F33)/256),256)/2^1),2)*2+MOD(INT(MOD(INT((D33)/256),256)/2^2),2)*MOD(INT(MOD(INT((F33)/256),256)/2^2),2)*4+MOD(INT(MOD(INT((D33)/256),256)/2^3),2)*MOD(INT(MOD(INT((F33)/256),256)/2^3),2)*8+MOD(INT(MOD(INT((D33)/256),256)/2^4),2)*MOD(INT(MOD(INT((F33)/256),256)/2^4),2)*16+MOD(INT(MOD(INT((D33)/256),256)/2^5),2)*MOD(INT(MOD(INT((F33)/256),256)/2^5),2)*32+MOD(INT(MOD(INT((D33)/256),256)/2^6),2)*MOD(INT(MOD(INT((F33)/256),256)/2^6),2)*64+MOD(INT(MOD(INT((D33)/256),256)/2^7),2)*MOD(INT(MOD(INT((F33)/256),256)/2^7),2)*128)*256+(MOD(INT(MOD(INT((D33)/65536),256)/2^0),2)*MOD(INT(MOD(INT((F33)/65536),256)/2^0),2)*1+MOD(INT(MOD(INT((D33)/65536),256)/2^1),2)*MOD(INT(MOD(INT((F33)/65536),256)/2^1),2)*2+MOD(INT(MOD(INT((D33)/65536),256)/2^2),2)*MOD(INT(MOD(INT((F33)/65536),256)/2^2),2)*4+MOD(INT(MOD(INT((D33)/65536),256)/2^3),2)*MOD(INT(MOD(INT((F33)/65536),256)/2^3),2)*8+MOD(INT(MOD(INT((D33)/65536),256)/2^4),2)*MOD(INT(MOD(INT((F33)/65536),256)/2^4),2)*16+MOD(INT(MOD(INT((D33)/65536),256)/2^5),2)*MOD(INT(MOD(INT((F33)/65536),256)/2^5),2)*32+MOD(INT(MOD(INT((D33)/65536),256)/2^6),2)*MOD(INT(MOD(INT((F33)/65536),256)/2^6),2)*64+MOD(INT(MOD(INT((D33)/65536),256)/2^7),2)*MOD(INT(MOD(INT((F33)/65536),256)/2^7),2)*128)*65536+(MOD(INT(MOD(INT((D33)/16777216),256)/2^0),2)*MOD(INT(MOD(INT((F33)/16777216),256)/2^0),2)*1+MOD(INT(MOD(INT((D33)/16777216),256)/2^1),2)*MOD(INT(MOD(INT((F33)/16777216),256)/2^1),2)*2+MOD(INT(MOD(INT((D33)/16777216),256)/2^2),2)*MOD(INT(MOD(INT((F33)/16777216),256)/2^2),2)*4+MOD(INT(MOD(INT((D33)/16777216),256)/2^3),2)*MOD(INT(MOD(INT((F33)/16777216),256)/2^3),2)*8+MOD(INT(MOD(INT((D33)/16777216),256)/2^4),2)*MOD(INT(MOD(INT((F33)/16777216),256)/2^4),2)*16+MOD(INT(MOD(INT((D33)/16777216),256)/2^5),2)*MOD(INT(MOD(INT((F33)/16777216),256)/2^5),2)*32+MOD(INT(MOD(INT((D33)/16777216),256)/2^6),2)*MOD(INT(MOD(INT((F33)/16777216),256)/2^6),2)*64+MOD(INT(MOD(INT((D33)/16777216),256)/2^7),2)*MOD(INT(MOD(INT((F33)/16777216),256)/2^7),2)*128)*16777216) -> 1079773444 | H34: =((MOD(INT(MOD(INT((E33)/1),256)/2^0),2)*MOD(INT(MOD(INT(((4294967295-F33))/1),256)/2^0),2)*1+MOD(INT(MOD(INT((E33)/1),256)/2^1),2)*MOD(INT(MOD(INT(((4294967295-F33))/1),256)/2^1),2)*2+MOD(INT(MOD(INT((E33)/1),256)/2^2),2)*MOD(INT(MOD(INT(((4294967295-F33))/1),256)/2^2),2)*4+MOD(INT(MOD(INT((E33)/1),256)/2^3),2)*MOD(INT(MOD(INT(((4294967295-F33))/1),256)/2^3),2)*8+MOD(INT(MOD(INT((E33)/1),256)/2^4),2)*MOD(INT(MOD(INT(((4294967295-F33))/1),256)/2^4),2)*16+MOD(INT(MOD(INT((E33)/1),256)/2^5),2)*MOD(INT(MOD(INT(((4294967295-F33))/1),256)/2^5),2)*32+MOD(INT(MOD(INT((E33)/1),256)/2^6),2)*MOD(INT(MOD(INT(((4294967295-F33))/1),256)/2^6),2)*64+MOD(INT(MOD(INT((E33)/1),256)/2^7),2)*MOD(INT(MOD(INT(((4294967295-F33))/1),256)/2^7),2)*128)*1+(MOD(INT(MOD(INT((E33)/256),256)/2^0),2)*MOD(INT(MOD(INT(((4294967295-F33))/256),256)/2^0),2)*1+MOD(INT(MOD(INT((E33)/256),256)/2^1),2)*MOD(INT(MOD(INT(((4294967295-F33))/256),256)/2^1),2)*2+MOD(INT(MOD(INT((E33)/256),256)/2^2),2)*MOD(INT(MOD(INT(((4294967295-F33))/256),256)/2^2),2)*4+MOD(INT(MOD(INT((E33)/256),256)/2^3),2)*MOD(INT(MOD(INT(((4294967295-F33))/256),256)/2^3),2)*8+MOD(INT(MOD(INT((E33)/256),256)/2^4),2)*MOD(INT(MOD(INT(((4294967295-F33))/256),256)/2^4),2)*16+MOD(INT(MOD(INT((E33)/256),256)/2^5),2)*MOD(INT(MOD(INT(((4294967295-F33))/256),256)/2^5),2)*32+MOD(INT(MOD(INT((E33)/256),256)/2^6),2)*MOD(INT(MOD(INT(((4294967295-F33))/256),256)/2^6),2)*64+MOD(INT(MOD(INT((E33)/256),256)/2^7),2)*MOD(INT(MOD(INT(((4294967295-F33))/256),256)/2^7),2)*128)*256+(MOD(INT(MOD(INT((E33)/65536),256)/2^0),2)*MOD(INT(MOD(INT(((4294967295-F33))/65536),256)/2^0),2)*1+MOD(INT(MOD(INT((E33)/65536),256)/2^1),2)*MOD(INT(MOD(INT(((4294967295-F33))/65536),256)/2^1),2)*2+MOD(INT(MOD(INT((E33)/65536),256)/2^2),2)*MOD(INT(MOD(INT(((4294967295-F33))/65536),256)/2^2),2)*4+MOD(INT(MOD(INT((E33)/65536),256)/2^3),2)*MOD(INT(MOD(INT(((4294967295-F33))/65536),256)/2^3),2)*8+MOD(INT(MOD(INT((E33)/65536),256)/2^4),2)*MOD(INT(MOD(INT(((4294967295-F33))/65536),256)/2^4),2)*16+MOD(INT(MOD(INT((E33)/65536),256)/2^5),2)*MOD(INT(MOD(INT(((4294967295-F33))/65536),256)/2^5),2)*32+MOD(INT(MOD(INT((E33)/65536),256)/2^6),2)*MOD(INT(MOD(INT(((4294967295-F33))/65536),256)/2^6),2)*64+MOD(INT(MOD(INT((E33)/65536),256)/2^7),2)*MOD(INT(MOD(INT(((4294967295-F33))/65536),256)/2^7),2)*128)*65536+(MOD(INT(MOD(INT((E33)/16777216),256)/2^0),2)*MOD(INT(MOD(INT(((4294967295-F33))/16777216),256)/2^0),2)*1+MOD(INT(MOD(INT((E33)/16777216),256)/2^1),2)*MOD(INT(MOD(INT(((4294967295-F33))/16777216),256)/2^1),2)*2+MOD(INT(MOD(INT((E33)/16777216),256)/2^2),2)*MOD(INT(MOD(INT(((4294967295-F33))/16777216),256)/2^2),2)*4+MOD(INT(MOD(INT((E33)/16777216),256)/2^3),2)*MOD(INT(MOD(INT(((4294967295-F33))/16777216),256)/2^3),2)*8+MOD(INT(MOD(INT((E33)/16777216),256)/2^4),2)*MOD(INT(MOD(INT(((4294967295-F33))/16777216),256)/2^4),2)*16+MOD(INT(MOD(INT((E33)/16777216),256)/2^5),2)*MOD(INT(MOD(INT(((4294967295-F33))/16777216),256)/2^5),2)*32+MOD(INT(MOD(INT((E33)/16777216),256)/2^6),2)*MOD(INT(MOD(INT(((4294967295-F33))/16777216),256)/2^6),2)*64+MOD(INT(MOD(INT((E33)/16777216),256)/2^7),2)*MOD(INT(MOD(INT(((4294967295-F33))/16777216),256)/2^7),2)*128)*16777216) -> 360865930 | I34: — | J34: =MOD(G34+H34,4294967296) -> 1440639374 | K34: =(0)+(0)*256+(0)*65536+(0)*16777216 -> 0 | L34: ='📦 MD5 Constants'!C32 -> 2850285829 | M34: ='📦 MD5 Constants'!H32 -> 5 | N34: =MOD(C33+J34+K34+'📦 MD5 Constants'!C32,4294967296) -> 2162902048 | O34: =MOD(MOD(N34,2^27)*2^5+INT(N34/2^27),4294967296) -> 493388816 | P34: =D34 -> 4098265004 | Q34: op=29 g=M[13] shift=5
